record_id,pmid,question_ids,label,confidence,evidence_basis,rationale,parse_status,batch_id,model_id,model_revision,prompt_sha256,input_sha256
PMID-10655252,10655252,OTC-LIT-Q04-DIGESTIVE,deprioritize,low,title_abstract,제목과 초록으로 보아 관련성이 없음,parsed,P2-B0001,Qwen/Qwen2.5-3B-Instruct,aa8e72537993ba99e69dfaafa59ed015b17504d1,fb7e0b495d6c58538f66641c07425447dd012c1c3e8b4da2b186f155474d3e76,1dcac39fefeb9c0c34cb1a2e22656c1e2cdb99d59ed1771af19ad81bc6c5977f
PMID-10860133,10860133,OTC-LIT-Q05-TOPICAL,retain,high,title_abstract,"외용 복합성분의 반복·과량 사용, 소아 노출 또는 항응고제 병용",parsed,P2-B0001,Qwen/Qwen2.5-3B-Instruct,aa8e72537993ba99e69dfaafa59ed015b17504d1,fb7e0b495d6c58538f66641c07425447dd012c1c3e8b4da2b186f155474d3e76,d32d6d0c98d3f4cf83cfe199d3af7bba8f0aa9495f66d1a77161957fc2ea1eac
PMID-10876377,10876377,OTC-LIT-Q05-TOPICAL,deprioritize,low,title_abstract,외용 복합성분의 위해 연구와 관련없음,parsed,P2-B0001,Qwen/Qwen2.5-3B-Instruct,aa8e72537993ba99e69dfaafa59ed015b17504d1,fb7e0b495d6c58538f66641c07425447dd012c1c3e8b4da2b186f155474d3e76,60ddc8adf661da0bd3ae824641fa05a7242975d7c96a680b5cca5537e4fa2e0c
PMID-10881777,10881777,OTC-LIT-Q05-TOPICAL,retain,high,title_abstract,살리실산메틸·멘톨·캄파 외용성분의 위해,parsed,P2-B0001,Qwen/Qwen2.5-3B-Instruct,aa8e72537993ba99e69dfaafa59ed015b17504d1,fb7e0b495d6c58538f66641c07425447dd012c1c3e8b4da2b186f155474d3e76,315dd04bffcf9632b0c6d640ae49e72c42fd2003fbf0504221410879fb2e8a11
PMID-10965417,10965417,OTC-LIT-Q05-TOPICAL,deprioritize,low,title_abstract,제목과 초록으로는 해당 질문과 관련성이 미비,parsed,P2-B0001,Qwen/Qwen2.5-3B-Instruct,aa8e72537993ba99e69dfaafa59ed015b17504d1,fb7e0b495d6c58538f66641c07425447dd012c1c3e8b4da2b186f155474d3e76,9be6fdf4a4fab14dfef011224651e49b83dd4e1c7b387e51968a7a67dc0cf5e9
PMID-11000170,11000170,OTC-LIT-Q05-TOPICAL,deprioritize,low,title_abstract,제목과 초록으로는 외용성분 및 그에 따른 위험성과 관련성이 없음,parsed,P2-B0001,Qwen/Qwen2.5-3B-Instruct,aa8e72537993ba99e69dfaafa59ed015b17504d1,fb7e0b495d6c58538f66641c07425447dd012c1c3e8b4da2b186f155474d3e76,8b49d79bb6fa1a13468425d30e146ab905ab5e78c87e8654bc0fb790923a78a6
PMID-11002388,11002388,OTC-LIT-Q05-TOPICAL,deprioritize,low,title_abstract,제목과 초록으로 PICOS 질문과 관련성이 낮음,parsed,P2-B0001,Qwen/Qwen2.5-3B-Instruct,aa8e72537993ba99e69dfaafa59ed015b17504d1,fb7e0b495d6c58538f66641c07425447dd012c1c3e8b4da2b186f155474d3e76,ce4cd279b94104a2fec29e78447f7e20c489a2331da429f9680da950ef44801d
PMID-11069498,11069498,OTC-LIT-Q05-TOPICAL,deprioritize,low,title_abstract,외용 복합성분의 반복·과량 사용 등과 같은 위해요인에 대한 논의 미,parsed,P2-B0001,Qwen/Qwen2.5-3B-Instruct,aa8e72537993ba99e69dfaafa59ed015b17504d1,fb7e0b495d6c58538f66641c07425447dd012c1c3e8b4da2b186f155474d3e76,21e96f8141dcef350637507d7e696bab5fc9f06a55fc86fdafe916510f97ffae
PMID-11106014,11106014,OTC-LIT-Q05-TOPICAL,deprioritize,low,title_abstract,제목과 초록으로는 해당 질문과 관련성이 미비,parsed,P2-B0001,Qwen/Qwen2.5-3B-Instruct,aa8e72537993ba99e69dfaafa59ed015b17504d1,fb7e0b495d6c58538f66641c07425447dd012c1c3e8b4da2b186f155474d3e76,122aa26253fd98ec33507ad58e95c171b9872865846bbaf8967f774125f76ead
PMID-11121917,11121917,OTC-LIT-Q05-TOPICAL,deprioritize,low,title_abstract,외용 복합성분의 위해,parsed,P2-B0001,Qwen/Qwen2.5-3B-Instruct,aa8e72537993ba99e69dfaafa59ed015b17504d1,fb7e0b495d6c58538f66641c07425447dd012c1c3e8b4da2b186f155474d3e76,8e71f6215ffc8e7b6d7f3e9443662f06e31cdb843dc5381ddb698290e2459e90
PMID-11148527,11148527,OTC-LIT-Q05-TOPICAL,deprioritize,low,title_abstract,외용 복합성분의 위해,parsed,P2-B0001,Qwen/Qwen2.5-3B-Instruct,aa8e72537993ba99e69dfaafa59ed015b17504d1,fb7e0b495d6c58538f66641c07425447dd012c1c3e8b4da2b186f155474d3e76,db791fafd0785e9cb243754fd7968b3c4a2f1e9b2b1d8049e53520bf5b7fc6eb
PMID-11174287,11174287,OTC-LIT-Q05-TOPICAL,deprioritize,low,title_abstract,제목과 초록으로는 외용성분 관련 연구 미포함,parsed,P2-B0001,Qwen/Qwen2.5-3B-Instruct,aa8e72537993ba99e69dfaafa59ed015b17504d1,fb7e0b495d6c58538f66641c07425447dd012c1c3e8b4da2b186f155474d3e76,2829a4ca01ae2bd73d228a40d002c789804fdd86158407b986afb3d2cdbcfaac
PMID-11186130,11186130,OTC-LIT-Q05-TOPICAL,deprioritize,low,title_abstract,제목과 초록으로는 관련성이 불명확,parsed,P2-B0001,Qwen/Qwen2.5-3B-Instruct,aa8e72537993ba99e69dfaafa59ed015b17504d1,fb7e0b495d6c58538f66641c07425447dd012c1c3e8b4da2b186f155474d3e76,96a099085936917af2d0d19a5980e8e84378481b9d585390b4613bf5ff350ca4
PMID-11333184,11333184,OTC-LIT-Q05-TOPICAL,deprioritize,low,title_abstract,제목과 초록으로 보아 관련성이 없음,parsed,P2-B0001,Qwen/Qwen2.5-3B-Instruct,aa8e72537993ba99e69dfaafa59ed015b17504d1,fb7e0b495d6c58538f66641c07425447dd012c1c3e8b4da2b186f155474d3e76,12d38a353caebb1fda78f5e0cc3826d74690d3e49f0496e52f8f7d7be3254777
PMID-11335011,11335011,OTC-LIT-Q05-TOPICAL,deprioritize,low,title_abstract,제목과 초록으로는 PICOS 질문과 관련성이 불명확,parsed,P2-B0001,Qwen/Qwen2.5-3B-Instruct,aa8e72537993ba99e69dfaafa59ed015b17504d1,fb7e0b495d6c58538f66641c07425447dd012c1c3e8b4da2b186f155474d3e76,ed5572b13441cb67d750c9348d25227f8d761a8fecd57d85854ec0820b5f80d7
PMID-11385289,11385289,OTC-LIT-Q04-DIGESTIVE,deprioritize,low,title_abstract,제목과 초록으로 보아 관련성이 없음,parsed,P2-B0001,Qwen/Qwen2.5-3B-Instruct,aa8e72537993ba99e69dfaafa59ed015b17504d1,fb7e0b495d6c58538f66641c07425447dd012c1c3e8b4da2b186f155474d3e76,c59bd7c1eae68f6f0d37e922f4c4ac9d3c7093eef620197f854aeced79a34e55
PMID-11392120,11392120,OTC-LIT-Q05-TOPICAL,deprioritize,low,title_abstract,제목과 초록으로는 외용성분 관련 연구가 아닌 것 같음,parsed,P2-B0001,Qwen/Qwen2.5-3B-Instruct,aa8e72537993ba99e69dfaafa59ed015b17504d1,fb7e0b495d6c58538f66641c07425447dd012c1c3e8b4da2b186f155474d3e76,9585d6aac4430c3a72fc505f378d7cae2571260de471ee6002fe5c9880727238
PMID-11515949,11515949,OTC-LIT-Q05-TOPICAL,deprioritize,low,title_abstract,제목과 초록으로 보아 질문과 관련성이 없음,parsed,P2-B0001,Qwen/Qwen2.5-3B-Instruct,aa8e72537993ba99e69dfaafa59ed015b17504d1,fb7e0b495d6c58538f66641c07425447dd012c1c3e8b4da2b186f155474d3e76,155fd1d37b9d5e2e8f4b350466ab603d133997a2bd152e4b1eb4c136cec4eacf
PMID-11525226,11525226,OTC-LIT-Q05-TOPICAL,deprioritize,low,title_abstract,제목과 초록으로는 외용성분 관련 연구로 파악됨,parsed,P2-B0001,Qwen/Qwen2.5-3B-Instruct,aa8e72537993ba99e69dfaafa59ed015b17504d1,fb7e0b495d6c58538f66641c07425447dd012c1c3e8b4da2b186f155474d3e76,4ffbff3f849351ab6e7b7efe11d652ba268aeb0d2ab2dacaa70f6f2b76a1a18f
PMID-11757763,11757763,OTC-LIT-Q04-DIGESTIVE,retain,high,title_abstract,담즙산 사용과 알레르기 발생,parsed,P2-B0001,Qwen/Qwen2.5-3B-Instruct,aa8e72537993ba99e69dfaafa59ed015b17504d1,fb7e0b495d6c58538f66641c07425447dd012c1c3e8b4da2b186f155474d3e76,65f488b5779f6260262fe6a6a75c401a54ab1ff09a79a7140f02ccd582693e1c
PMID-11758267,11758267,OTC-LIT-Q05-TOPICAL,deprioritize,low,title_abstract,제목과 초록에서 외용성분 관련 정보 없음,parsed,P2-B0001,Qwen/Qwen2.5-3B-Instruct,aa8e72537993ba99e69dfaafa59ed015b17504d1,fb7e0b495d6c58538f66641c07425447dd012c1c3e8b4da2b186f155474d3e76,7b44292247ca6d2108db5a5a204a471b465a9986bbecb44117bc9d38dec6f8ff
PMID-11766133,11766133,OTC-LIT-Q05-TOPICAL,deprioritize,low,title_abstract,제목과 초록으로 보아 관련성 미확실,parsed,P2-B0001,Qwen/Qwen2.5-3B-Instruct,aa8e72537993ba99e69dfaafa59ed015b17504d1,fb7e0b495d6c58538f66641c07425447dd012c1c3e8b4da2b186f155474d3e76,2bb90b97107025823057220b04e3def6b4fb434296659f2489e4fd96f06a2366
PMID-11929411,11929411,OTC-LIT-Q04-DIGESTIVE,deprioritize,low,title_abstract,제목과 초록으로 보아 관련성이 없음,parsed,P2-B0001,Qwen/Qwen2.5-3B-Instruct,aa8e72537993ba99e69dfaafa59ed015b17504d1,fb7e0b495d6c58538f66641c07425447dd012c1c3e8b4da2b186f155474d3e76,94db0ba358d4706cc13f4c2a798223092ae3b077be35f4fb0d7f8c7666446cd9
PMID-11971752,11971752,OTC-LIT-Q05-TOPICAL,deprioritize,low,title_abstract,제목과 초록으로는 PICOS 질문과 관련성이 불명확,parsed,P2-B0001,Qwen/Qwen2.5-3B-Instruct,aa8e72537993ba99e69dfaafa59ed015b17504d1,fb7e0b495d6c58538f66641c07425447dd012c1c3e8b4da2b186f155474d3e76,cbf4c06d09ac7482ce8fc7c92d148818d77f46ba81f22a40ced816c444af5560
PMID-11971754,11971754,OTC-LIT-Q05-TOPICAL,deprioritize,low,title_abstract,제목과 초록으로 보아 질문과 관련성이 없음,parsed,P2-B0001,Qwen/Qwen2.5-3B-Instruct,aa8e72537993ba99e69dfaafa59ed015b17504d1,fb7e0b495d6c58538f66641c07425447dd012c1c3e8b4da2b186f155474d3e76,9618416c2dd0373726945d0bc0ce2c82c6384f4d0b99e56a3eadbfa5da7cb05b
PMID-12068838,12068838,OTC-LIT-Q04-DIGESTIVE,deprioritize,low,title_abstract,제목과 초록으로 보아 관련성 미확실,parsed,P2-B0001,Qwen/Qwen2.5-3B-Instruct,aa8e72537993ba99e69dfaafa59ed015b17504d1,fb7e0b495d6c58538f66641c07425447dd012c1c3e8b4da2b186f155474d3e76,3a5c0169ff78126727393c479c821fb277cded885c2c1ee5852c03093c72e915
PMID-12099617,12099617,OTC-LIT-Q05-TOPICAL,retain,high,title_abstract,살리실산 독성 관련 패키징 연구,parsed,P2-B0001,Qwen/Qwen2.5-3B-Instruct,aa8e72537993ba99e69dfaafa59ed015b17504d1,fb7e0b495d6c58538f66641c07425447dd012c1c3e8b4da2b186f155474d3e76,da0c36a3e80df9ea7aa5f72175601066898cf3aaee934f46033b067aacf45826
PMID-12116986,12116986,OTC-LIT-Q04-DIGESTIVE,deprioritize,low,title_abstract,제목과 초록에서 관련성 확인 불가,parsed,P2-B0001,Qwen/Qwen2.5-3B-Instruct,aa8e72537993ba99e69dfaafa59ed015b17504d1,fb7e0b495d6c58538f66641c07425447dd012c1c3e8b4da2b186f155474d3e76,81a77fffff78cff72223da60ba5d8e140942ab57fe1ff827182d16b116e8d50c
PMID-12147116,12147116,OTC-LIT-Q05-TOPICAL,retain,high,title_abstract,심장병 환자 외용 복합성분 독성,parsed,P2-B0001,Qwen/Qwen2.5-3B-Instruct,aa8e72537993ba99e69dfaafa59ed015b17504d1,fb7e0b495d6c58538f66641c07425447dd012c1c3e8b4da2b186f155474d3e76,20d11e08cff298b0d633a0ebaa12bf3a572245a34d3fdffc1caa7bc58936ba8a
PMID-12164403,12164403,OTC-LIT-Q04-DIGESTIVE,deprioritize,low,title_abstract,제목과 초록으로 보아 관련성 미확실,parsed,P2-B0001,Qwen/Qwen2.5-3B-Instruct,aa8e72537993ba99e69dfaafa59ed015b17504d1,fb7e0b495d6c58538f66641c07425447dd012c1c3e8b4da2b186f155474d3e76,822d19a1e652d250ee3488903590aaadde1db129626c97f654d667a50f038137
PMID-12236827,12236827,OTC-LIT-Q05-TOPICAL,deprioritize,low,title_abstract,제목과 초록에서 외용성분 관련 정보 없음,parsed,P2-B0001,Qwen/Qwen2.5-3B-Instruct,aa8e72537993ba99e69dfaafa59ed015b17504d1,fb7e0b495d6c58538f66641c07425447dd012c1c3e8b4da2b186f155474d3e76,0fd5a06f1989593a70b747e5ae44ba9b672e04f5ffbfe7b10b0b02b99fc3e3de
PMID-12422542,12422542,OTC-LIT-Q05-TOPICAL,deprioritize,low,title_abstract,제목과 초록으로 PICOS 질문과 관련성이 미비,parsed,P2-B0001,Qwen/Qwen2.5-3B-Instruct,aa8e72537993ba99e69dfaafa59ed015b17504d1,fb7e0b495d6c58538f66641c07425447dd012c1c3e8b4da2b186f155474d3e76,6121e5fba3fa6bc5be5a308577d9ded17b0f864f1ee0a894f73ed0a11fd159da
PMID-12509588,12509588,OTC-LIT-Q05-TOPICAL,deprioritize,low,title_abstract,외용 복합성분의 위해,parsed,P2-B0001,Qwen/Qwen2.5-3B-Instruct,aa8e72537993ba99e69dfaafa59ed015b17504d1,fb7e0b495d6c58538f66641c07425447dd012c1c3e8b4da2b186f155474d3e76,2a92672ca4fb16282d4f0a85ab67463085ed8ce849142b5c3f68262eb2f01802
PMID-12596388,12596388,OTC-LIT-Q04-DIGESTIVE,deprioritize,low,title_abstract,제목과 초록으로 보아 관련성이 없음,parsed,P2-B0001,Qwen/Qwen2.5-3B-Instruct,aa8e72537993ba99e69dfaafa59ed015b17504d1,fb7e0b495d6c58538f66641c07425447dd012c1c3e8b4da2b186f155474d3e76,b24757a807febe3ad31350a48150a41cdafb81fbb12b3a4a1ed4ac4e343d45ef
PMID-12601675,12601675,OTC-LIT-Q05-TOPICAL,deprioritize,low,title_abstract,제목과 초록으로 외용성분 관련성 미확정,parsed,P2-B0001,Qwen/Qwen2.5-3B-Instruct,aa8e72537993ba99e69dfaafa59ed015b17504d1,fb7e0b495d6c58538f66641c07425447dd012c1c3e8b4da2b186f155474d3e76,b113358b3fe5a1df798b4175e7e521cc9c9880216548d715bc99a01a07fee5ce
PMID-12740541,12740541,OTC-LIT-Q05-TOPICAL,deprioritize,low,title_abstract,제목과 초록으로는 외용성분 관련 연구임을 명확히 드러내지 않음,parsed,P2-B0001,Qwen/Qwen2.5-3B-Instruct,aa8e72537993ba99e69dfaafa59ed015b17504d1,fb7e0b495d6c58538f66641c07425447dd012c1c3e8b4da2b186f155474d3e76,9a4f4caec0ba0c6475a108850d498946e0fb2ea067b00bc8da80c159dc848e8c
PMID-12752543,12752543,OTC-LIT-Q05-TOPICAL,deprioritize,low,title_abstract,제목과 초록으로는 외용성분 관련 연구를 명확히 드러내지 않음,parsed,P2-B0001,Qwen/Qwen2.5-3B-Instruct,aa8e72537993ba99e69dfaafa59ed015b17504d1,fb7e0b495d6c58538f66641c07425447dd012c1c3e8b4da2b186f155474d3e76,68ed93864ac21653a39f21316f62b610774fac2b227399777766c5412cb6229f
PMID-12779280,12779280,OTC-LIT-Q05-TOPICAL,deprioritize,low,title_abstract,제목과 초록으로는 PICOS 질문과 관련성이 불명확,parsed,P2-B0001,Qwen/Qwen2.5-3B-Instruct,aa8e72537993ba99e69dfaafa59ed015b17504d1,fb7e0b495d6c58538f66641c07425447dd012c1c3e8b4da2b186f155474d3e76,66f2e04dadc879bf429ac16a9730cde996b952827767dbab6126cd5a1f5ae1cd
PMID-12814337,12814337,OTC-LIT-Q05-TOPICAL,deprioritize,low,title_abstract,제목과 초록으로 외용성분 관련성 확인难以,parsed,P2-B0001,Qwen/Qwen2.5-3B-Instruct,aa8e72537993ba99e69dfaafa59ed015b17504d1,fb7e0b495d6c58538f66641c07425447dd012c1c3e8b4da2b186f155474d3e76,11316a10e01f6dc7b166d06ff44ade2efa8efdc98b0930766b5d07cbaa0370ec
PMID-12870876,12870876,OTC-LIT-Q05-TOPICAL,deprioritize,low,title_abstract,제목과 초록으로는 해당 질문과 관련성이 불명확,parsed,P2-B0001,Qwen/Qwen2.5-3B-Instruct,aa8e72537993ba99e69dfaafa59ed015b17504d1,fb7e0b495d6c58538f66641c07425447dd012c1c3e8b4da2b186f155474d3e76,0442924f29e44279a003899258076939553000da3b02fa22023665e6c9462a57
PMID-14516421,14516421,OTC-LIT-Q05-TOPICAL,deprioritize,low,title_abstract,제목과 초록에서 외용성분 및 관련 위험에 대한 정보 없음,parsed,P2-B0001,Qwen/Qwen2.5-3B-Instruct,aa8e72537993ba99e69dfaafa59ed015b17504d1,fb7e0b495d6c58538f66641c07425447dd012c1c3e8b4da2b186f155474d3e76,9cc324be130b0a5c2596ca4c3518abd299fb58ba81d5a59213341c4626c0ebbf
PMID-14555417,14555417,OTC-LIT-Q04-DIGESTIVE,uncertain,low,title_abstract,모델 출력 형식을 해석하지 못함,fallback_invalid_output,P2-B0001,Qwen/Qwen2.5-3B-Instruct,aa8e72537993ba99e69dfaafa59ed015b17504d1,fb7e0b495d6c58538f66641c07425447dd012c1c3e8b4da2b186f155474d3e76,56d3c924cca71f443cf27afcfde3c0e8310c39d87bb1f462dee10ae1c456807c
PMID-14558782,14558782,OTC-LIT-Q05-TOPICAL,deprioritize,low,title_abstract,제목과 초록으로 보아 관련성이 미약,parsed,P2-B0001,Qwen/Qwen2.5-3B-Instruct,aa8e72537993ba99e69dfaafa59ed015b17504d1,fb7e0b495d6c58538f66641c07425447dd012c1c3e8b4da2b186f155474d3e76,8687003d5431f66fe4b4b02056ab43378c5d6dc9291b4966d749a931e26a63a0
PMID-14617432,14617432,OTC-LIT-Q05-TOPICAL,uncertain,low,title_abstract,모델 출력 형식을 해석하지 못함,fallback_invalid_output,P2-B0001,Qwen/Qwen2.5-3B-Instruct,aa8e72537993ba99e69dfaafa59ed015b17504d1,fb7e0b495d6c58538f66641c07425447dd012c1c3e8b4da2b186f155474d3e76,7a3b7f8db95fd9b1d14046c1e5358373f9615d6bc1b01ff7b97d1f96aa63f246
PMID-14705834,14705834,OTC-LIT-Q05-TOPICAL,deprioritize,low,title_abstract,제목과 초록으로 보아 질문과 관련성이 낮음,parsed,P2-B0001,Qwen/Qwen2.5-3B-Instruct,aa8e72537993ba99e69dfaafa59ed015b17504d1,fb7e0b495d6c58538f66641c07425447dd012c1c3e8b4da2b186f155474d3e76,ac58207d106571d52c0685a8114c1c596cf3ba12cdcb33a58f39e94d0f4a20b7
PMID-14720274,14720274,OTC-LIT-Q04-DIGESTIVE,uncertain,medium,title_abstract,12단어 이하 근거,parsed,P2-B0001,Qwen/Qwen2.5-3B-Instruct,aa8e72537993ba99e69dfaafa59ed015b17504d1,fb7e0b495d6c58538f66641c07425447dd012c1c3e8b4da2b186f155474d3e76,fb7d873fd5a765de0126384a91cf4ffe60200ee61c5c0b547ee6949ed11d2340
PMID-14982706,14982706,OTC-LIT-Q05-TOPICAL,deprioritize,low,title_abstract,제목과 초록으로는 해당 연구와 관련성이 미비,parsed,P2-B0001,Qwen/Qwen2.5-3B-Instruct,aa8e72537993ba99e69dfaafa59ed015b17504d1,fb7e0b495d6c58538f66641c07425447dd012c1c3e8b4da2b186f155474d3e76,605a7d97ddf9f78ff6c212d6275bc538ff961255df8994a56e39577e22b668e9
PMID-14982708,14982708,OTC-LIT-Q05-TOPICAL,deprioritize,low,title_abstract,제목과 초록으로 보아 관련성 미확정,parsed,P2-B0001,Qwen/Qwen2.5-3B-Instruct,aa8e72537993ba99e69dfaafa59ed015b17504d1,fb7e0b495d6c58538f66641c07425447dd012c1c3e8b4da2b186f155474d3e76,2ecd3af637112fe86f791ddb2c4c84c9de42e583b1fb37b36a57e9c5f6b1969e
PMID-14984634,14984634,OTC-LIT-Q05-TOPICAL,retain,high,title_abstract,"외용 복합성분 살리실산메틸, 멘톨, 캄파, 박하유 또는",parsed,P2-B0001,Qwen/Qwen2.5-3B-Instruct,aa8e72537993ba99e69dfaafa59ed015b17504d1,fb7e0b495d6c58538f66641c07425447dd012c1c3e8b4da2b186f155474d3e76,071215ab40fba7378e3e224ceaf4e8657fbfce790085260a33dfe9e065609953
PMID-15107154,15107154,OTC-LIT-Q05-TOPICAL,deprioritize,low,title_abstract,제목과 초록으로는 PICOS 질문과 관련성이 낮다,parsed,P2-B0001,Qwen/Qwen2.5-3B-Instruct,aa8e72537993ba99e69dfaafa59ed015b17504d1,fb7e0b495d6c58538f66641c07425447dd012c1c3e8b4da2b186f155474d3e76,a81f028087aa213725556ff29c2939cf90084e2f45c4f43e6e0334b0c28e5eac
PMID-15121438,15121438,OTC-LIT-Q05-TOPICAL,deprioritize,low,title_abstract,제목과 초록으로는 외용성분 관련 연구가 아닌 것 같음,parsed,P2-B0001,Qwen/Qwen2.5-3B-Instruct,aa8e72537993ba99e69dfaafa59ed015b17504d1,fb7e0b495d6c58538f66641c07425447dd012c1c3e8b4da2b186f155474d3e76,297006a8b39eb630a27b9a124735c64d71dd13709397926c20c1bd56a61806ed
PMID-15147785,15147785,OTC-LIT-Q05-TOPICAL,deprioritize,low,title_abstract,제목과 초록으로는 PICOS 질문과 관련성이 불명확,parsed,P2-B0001,Qwen/Qwen2.5-3B-Instruct,aa8e72537993ba99e69dfaafa59ed015b17504d1,fb7e0b495d6c58538f66641c07425447dd012c1c3e8b4da2b186f155474d3e76,06c11878b75f239ba4ccc326f5635a7ec0e56e0d3c7fd5d55ea2d1b630d6bc23
PMID-15179450,15179450,OTC-LIT-Q04-DIGESTIVE,deprioritize,low,title_abstract,제목과 초록으로 보아 질문과 관련성이 없음,parsed,P2-B0001,Qwen/Qwen2.5-3B-Instruct,aa8e72537993ba99e69dfaafa59ed015b17504d1,fb7e0b495d6c58538f66641c07425447dd012c1c3e8b4da2b186f155474d3e76,1f7d8e73e61f490936dfe968afbb1b8d948c2d3d0d5dfefd9bb52420d7a1752e
PMID-15193900,15193900,OTC-LIT-Q05-TOPICAL,deprioritize,low,title_abstract,제목과 초록으로는 해당 질문과 관련성이 불명확,parsed,P2-B0001,Qwen/Qwen2.5-3B-Instruct,aa8e72537993ba99e69dfaafa59ed015b17504d1,fb7e0b495d6c58538f66641c07425447dd012c1c3e8b4da2b186f155474d3e76,3f0f81b23a602c79cf1c8a6f74569858738dc6b190210d8bafd149225ea02aef
PMID-15202500,15202500,OTC-LIT-Q05-TOPICAL,deprioritize,low,title_abstract,외용 복합성분의 위해 연구와 관련없음,parsed,P2-B0001,Qwen/Qwen2.5-3B-Instruct,aa8e72537993ba99e69dfaafa59ed015b17504d1,fb7e0b495d6c58538f66641c07425447dd012c1c3e8b4da2b186f155474d3e76,f821cc3869a9c033f0760f40b55d7f71581f6640eb3f2e6501d8677d6ad9b6b4
PMID-15219304,15219304,OTC-LIT-Q05-TOPICAL,deprioritize,low,title_abstract,제목과 초록으로 보아 관련성 미확실,parsed,P2-B0001,Qwen/Qwen2.5-3B-Instruct,aa8e72537993ba99e69dfaafa59ed015b17504d1,fb7e0b495d6c58538f66641c07425447dd012c1c3e8b4da2b186f155474d3e76,2562fc850a3d6196dda9f7a3071ca7d948f49b482534ba628831d9e11eb1ea2a
PMID-15229351,15229351,OTC-LIT-Q05-TOPICAL,deprioritize,low,title_abstract,제목과 초록으로 보아 질문과 관련성이 없음,parsed,P2-B0001,Qwen/Qwen2.5-3B-Instruct,aa8e72537993ba99e69dfaafa59ed015b17504d1,fb7e0b495d6c58538f66641c07425447dd012c1c3e8b4da2b186f155474d3e76,c39770290a74d55ae4d35fc90721ed1efe16bc9d4060603da0e46da39646d451
PMID-15259697,15259697,OTC-LIT-Q05-TOPICAL,deprioritize,low,title_abstract,제목과 초록으로 외용성분 관련성 확인难以,parsed,P2-B0001,Qwen/Qwen2.5-3B-Instruct,aa8e72537993ba99e69dfaafa59ed015b17504d1,fb7e0b495d6c58538f66641c07425447dd012c1c3e8b4da2b186f155474d3e76,347bdc5630d678e60f45d7c0df486aa67278e2c5db98c64f18388f7723ed3eef
PMID-15272659,15272659,OTC-LIT-Q05-TOPICAL,deprioritize,low,title_abstract,제목과 초록으로는 외용성분 관련 연구 내용 미포함,parsed,P2-B0001,Qwen/Qwen2.5-3B-Instruct,aa8e72537993ba99e69dfaafa59ed015b17504d1,fb7e0b495d6c58538f66641c07425447dd012c1c3e8b4da2b186f155474d3e76,a544d53b4110a2e35d45bd91799176d490d3ade15da638ceceef1293204975fc
PMID-15273078,15273078,OTC-LIT-Q05-TOPICAL,deprioritize,low,title_abstract,제목과 초록으로는 PICOS 질문과 직접 관련성이 미비,parsed,P2-B0001,Qwen/Qwen2.5-3B-Instruct,aa8e72537993ba99e69dfaafa59ed015b17504d1,fb7e0b495d6c58538f66641c07425447dd012c1c3e8b4da2b186f155474d3e76,723b9762b872c636c52f17bfaadf11e823968e75868013cb088c39c68a40b4ce
PMID-15273178,15273178,OTC-LIT-Q04-DIGESTIVE,deprioritize,low,title_abstract,제목과 초록으로 보아 관련성이 없음,parsed,P2-B0001,Qwen/Qwen2.5-3B-Instruct,aa8e72537993ba99e69dfaafa59ed015b17504d1,fb7e0b495d6c58538f66641c07425447dd012c1c3e8b4da2b186f155474d3e76,d7412f7facab61ff36fe56cc1c3cf32340c8128720766f0d02183ea5d7342795
PMID-15330011,15330011,OTC-LIT-Q05-TOPICAL,deprioritize,low,title_abstract,제목과 초록에서 외용성분 관련 정보 없음,parsed,P2-B0001,Qwen/Qwen2.5-3B-Instruct,aa8e72537993ba99e69dfaafa59ed015b17504d1,fb7e0b495d6c58538f66641c07425447dd012c1c3e8b4da2b186f155474d3e76,2ec2346c3e7958fa98b7924b29501f1247338744ab342c03c0980eda12fa3094
PMID-15342616,15342616,OTC-LIT-Q05-TOPICAL,deprioritize,low,title_abstract,제목과 초록으로 보아 질문과 무관하다,parsed,P2-B0001,Qwen/Qwen2.5-3B-Instruct,aa8e72537993ba99e69dfaafa59ed015b17504d1,fb7e0b495d6c58538f66641c07425447dd012c1c3e8b4da2b186f155474d3e76,ea29ac91b06b8f887e76f033d18519a90ce3fa0a83850ecb59caf448bc1ded56
PMID-15458796,15458796,OTC-LIT-Q05-TOPICAL,deprioritize,low,title_abstract,제목과 초록에서 관련성 확인难以,parsed,P2-B0001,Qwen/Qwen2.5-3B-Instruct,aa8e72537993ba99e69dfaafa59ed015b17504d1,fb7e0b495d6c58538f66641c07425447dd012c1c3e8b4da2b186f155474d3e76,9b3946875f18733e90a7d0e47830a79eb9f93d6d34343ca77f7df928f8c6a7b8
PMID-15725604,15725604,OTC-LIT-Q05-TOPICAL,deprioritize,low,title_abstract,제목과 초록으로는 PICOS 질문과 관련성이 미비,parsed,P2-B0001,Qwen/Qwen2.5-3B-Instruct,aa8e72537993ba99e69dfaafa59ed015b17504d1,fb7e0b495d6c58538f66641c07425447dd012c1c3e8b4da2b186f155474d3e76,6361ee24c595302fbacf5d87b56f9383f568ca3c832c196c21566619f5ea8ee4
PMID-15949921,15949921,OTC-LIT-Q05-TOPICAL,deprioritize,low,title_abstract,제목과 초록에서 외용성분 및 관련 위험에 대한 정보 없음,parsed,P2-B0001,Qwen/Qwen2.5-3B-Instruct,aa8e72537993ba99e69dfaafa59ed015b17504d1,fb7e0b495d6c58538f66641c07425447dd012c1c3e8b4da2b186f155474d3e76,010461f1578f507e7e77d797d4c34c6dee60d1001d9103f5dce597183a360716
PMID-16008114,16008114,OTC-LIT-Q05-TOPICAL,deprioritize,low,title_abstract,외용 복합성분의 위해,parsed,P2-B0001,Qwen/Qwen2.5-3B-Instruct,aa8e72537993ba99e69dfaafa59ed015b17504d1,fb7e0b495d6c58538f66641c07425447dd012c1c3e8b4da2b186f155474d3e76,dd33aa730058162821f06cfa91000f3ccfea54b57daf724acac89f5ddf16bab8
PMID-16033403,16033403,OTC-LIT-Q05-TOPICAL,deprioritize,low,title_abstract,제목과 초록으로 외용성분 관련성 미확정,parsed,P2-B0001,Qwen/Qwen2.5-3B-Instruct,aa8e72537993ba99e69dfaafa59ed015b17504d1,fb7e0b495d6c58538f66641c07425447dd012c1c3e8b4da2b186f155474d3e76,dda544bd9c54ad918f4a9f6c5d1007f9ff13e78f9c9763c8ac5429fa5c45f12a
PMID-16121521,16121521,OTC-LIT-Q05-TOPICAL,deprioritize,low,title_abstract,제목과 초록으로는 해당 성분 및 노출과 관련된 안전성 결과를 찾을 수 없다.,parsed,P2-B0001,Qwen/Qwen2.5-3B-Instruct,aa8e72537993ba99e69dfaafa59ed015b17504d1,fb7e0b495d6c58538f66641c07425447dd012c1c3e8b4da2b186f155474d3e76,5d452d38a28c9570de7cd5fda58fc5c746b63e409dd2c4ff4ea29162df5014a5
PMID-16149711,16149711,OTC-LIT-Q05-TOPICAL,deprioritize,low,title_abstract,제목과 초록으로는 PICOS 질문과 관련성이 불명확,parsed,P2-B0001,Qwen/Qwen2.5-3B-Instruct,aa8e72537993ba99e69dfaafa59ed015b17504d1,fb7e0b495d6c58538f66641c07425447dd012c1c3e8b4da2b186f155474d3e76,cfbcbd073c344c1205361bbb4bf6eb6a4a036733ab6c20632161b21b7c268d5c
PMID-16192538,16192538,OTC-LIT-Q05-TOPICAL,deprioritize,low,title_abstract,제목과 초록으로는 외용성분과 관련성이 불명확,parsed,P2-B0001,Qwen/Qwen2.5-3B-Instruct,aa8e72537993ba99e69dfaafa59ed015b17504d1,fb7e0b495d6c58538f66641c07425447dd012c1c3e8b4da2b186f155474d3e76,676446d0a3c5274d96038fae54d20fab824a82ffb22a7df7aca549a93f471f55
PMID-16213622,16213622,OTC-LIT-Q05-TOPICAL,deprioritize,low,title_abstract,제목과 초록으로 보아 관련성 미확실,parsed,P2-B0001,Qwen/Qwen2.5-3B-Instruct,aa8e72537993ba99e69dfaafa59ed015b17504d1,fb7e0b495d6c58538f66641c07425447dd012c1c3e8b4da2b186f155474d3e76,56b66099d3bcd66c730380af165cfd41161184055878523957d3a633b4312bae
PMID-16247245,16247245,OTC-LIT-Q05-TOPICAL,deprioritize,low,title_abstract,제목과 초록으로는 PICOS 질문과 관련성이 불명확,parsed,P2-B0001,Qwen/Qwen2.5-3B-Instruct,aa8e72537993ba99e69dfaafa59ed015b17504d1,fb7e0b495d6c58538f66641c07425447dd012c1c3e8b4da2b186f155474d3e76,c423c54a08ed02de5b9c4add2572cab5cb2e9abe18bb5c9b6c302a756e035d4c
PMID-16288302,16288302,OTC-LIT-Q04-DIGESTIVE,deprioritize,low,title_abstract,제목과 초록으로 보아 관련성이 없음,parsed,P2-B0001,Qwen/Qwen2.5-3B-Instruct,aa8e72537993ba99e69dfaafa59ed015b17504d1,fb7e0b495d6c58538f66641c07425447dd012c1c3e8b4da2b186f155474d3e76,4d38fb207de21e735e87d6ea99d4e71ce31356512b8e98b88d534f2ab7088e6f
PMID-16419734,16419734,OTC-LIT-Q05-TOPICAL,deprioritize,low,title_abstract,외용 복합성분의 위해 연구와 관련없음,parsed,P2-B0001,Qwen/Qwen2.5-3B-Instruct,aa8e72537993ba99e69dfaafa59ed015b17504d1,fb7e0b495d6c58538f66641c07425447dd012c1c3e8b4da2b186f155474d3e76,e85157d5f1b26c16a05725812278c753d0d2ecf86ef0cd0122ee8d6b59d7b3d1
PMID-16467617,16467617,OTC-LIT-Q05-TOPICAL,deprioritize,low,title_abstract,제목과 초록으로 PICOS 질문과 관련성이 낮음,parsed,P2-B0001,Qwen/Qwen2.5-3B-Instruct,aa8e72537993ba99e69dfaafa59ed015b17504d1,fb7e0b495d6c58538f66641c07425447dd012c1c3e8b4da2b186f155474d3e76,d861c1ca2fc37eb354ca54c63ac68b39bfea00a0847e41193acfe7ccfb389213
PMID-16468289,16468289,OTC-LIT-Q05-TOPICAL,deprioritize,low,title_abstract,외용제 사용과 관련성 불명,parsed,P2-B0001,Qwen/Qwen2.5-3B-Instruct,aa8e72537993ba99e69dfaafa59ed015b17504d1,fb7e0b495d6c58538f66641c07425447dd012c1c3e8b4da2b186f155474d3e76,8fc4000e2879f199e58fdd52c5c70bef700fbd6d04553243772ced2c1f1e08e2
PMID-16568176,16568176,OTC-LIT-Q05-TOPICAL,deprioritize,low,title_abstract,제목과 초록으로 보아 관련성이 없음,parsed,P2-B0001,Qwen/Qwen2.5-3B-Instruct,aa8e72537993ba99e69dfaafa59ed015b17504d1,fb7e0b495d6c58538f66641c07425447dd012c1c3e8b4da2b186f155474d3e76,2cf435a609009678340702e78894e7b3c00cbb9a2378a6cf55981f7fefa9c21f
PMID-16649407,16649407,OTC-LIT-Q04-DIGESTIVE,deprioritize,low,title_abstract,제목과 초록으로 보아 관련성이 없음,parsed,P2-B0001,Qwen/Qwen2.5-3B-Instruct,aa8e72537993ba99e69dfaafa59ed015b17504d1,fb7e0b495d6c58538f66641c07425447dd012c1c3e8b4da2b186f155474d3e76,9e5c8262b549c3c5065818d8a7266ef76f6272f7a7ece80310870b6152ad4fd2
PMID-16700820,16700820,OTC-LIT-Q05-TOPICAL,deprioritize,low,title_abstract,제목과 초록에서 외용성분과 관련된 안전성 결과가 언급되지 않음,parsed,P2-B0001,Qwen/Qwen2.5-3B-Instruct,aa8e72537993ba99e69dfaafa59ed015b17504d1,fb7e0b495d6c58538f66641c07425447dd012c1c3e8b4da2b186f155474d3e76,705aefe919b1f0b4fc84736f99553d77a84aa8e35a53dd4406c4bb81d90583f4
PMID-16767798,16767798,OTC-LIT-Q05-TOPICAL,deprioritize,low,title_abstract,제목과 초록으로 보아 관련성 미확실,parsed,P2-B0001,Qwen/Qwen2.5-3B-Instruct,aa8e72537993ba99e69dfaafa59ed015b17504d1,fb7e0b495d6c58538f66641c07425447dd012c1c3e8b4da2b186f155474d3e76,65092b3d82351789aa8fb79823cb4c86379619a27b83ec6fa69e9ba19ee5a427
PMID-16809137,16809137,OTC-LIT-Q05-TOPICAL,deprioritize,low,title_abstract,제목과 초록으로 보아 질문과 관련성이 낮음,parsed,P2-B0001,Qwen/Qwen2.5-3B-Instruct,aa8e72537993ba99e69dfaafa59ed015b17504d1,fb7e0b495d6c58538f66641c07425447dd012c1c3e8b4da2b186f155474d3e76,d334eeb46da761fb5ac1790be120329e2cd95ab4d2258698f7991087d8ae48a8
PMID-16814339,16814339,OTC-LIT-Q05-TOPICAL,deprioritize,low,title_abstract,제목과 초록으로 보아 질문과 관련성이 없음,parsed,P2-B0001,Qwen/Qwen2.5-3B-Instruct,aa8e72537993ba99e69dfaafa59ed015b17504d1,fb7e0b495d6c58538f66641c07425447dd012c1c3e8b4da2b186f155474d3e76,356517b89a52bf964a01d3b17d1fe82dbf5ebbb1a4480b52c3dc7ec498776178
PMID-16835130,16835130,OTC-LIT-Q05-TOPICAL,uncertain,low,title_abstract,모델 출력 형식을 해석하지 못함,fallback_invalid_output,P2-B0001,Qwen/Qwen2.5-3B-Instruct,aa8e72537993ba99e69dfaafa59ed015b17504d1,fb7e0b495d6c58538f66641c07425447dd012c1c3e8b4da2b186f155474d3e76,7c9c3a67bd4e7316b48c5a121e3d0176916e1a245a37868cffb65aa5f1518111
PMID-16872313,16872313,OTC-LIT-Q05-TOPICAL,deprioritize,low,title_abstract,제목과 초록으로는 외용성분 관련 연구를 명확히 드러내지 않음,parsed,P2-B0001,Qwen/Qwen2.5-3B-Instruct,aa8e72537993ba99e69dfaafa59ed015b17504d1,fb7e0b495d6c58538f66641c07425447dd012c1c3e8b4da2b186f155474d3e76,c871b43bc73d0f5cc16a595d79aac60b1228b71965df430d89cdb495c8f60d2f
PMID-16911682,16911682,OTC-LIT-Q05-TOPICAL,deprioritize,low,title_abstract,제목과 초록으로 보아 질문과 관련성이 없음,parsed,P2-B0001,Qwen/Qwen2.5-3B-Instruct,aa8e72537993ba99e69dfaafa59ed015b17504d1,fb7e0b495d6c58538f66641c07425447dd012c1c3e8b4da2b186f155474d3e76,37df2c7da11ec197d8ffa28e974775f21e0505d832a0e31c3f1c60368aade6a3
PMID-16965225,16965225,OTC-LIT-Q04-DIGESTIVE,deprioritize,low,title_abstract,제목과 초록으로 보아 관련성이 없음,parsed,P2-B0001,Qwen/Qwen2.5-3B-Instruct,aa8e72537993ba99e69dfaafa59ed015b17504d1,fb7e0b495d6c58538f66641c07425447dd012c1c3e8b4da2b186f155474d3e76,24c5ddeb981cf30e737c74e9704b308607f3bfbe10eb8e0d43a4a21aa906961c
PMID-17097785,17097785,OTC-LIT-Q05-TOPICAL,deprioritize,low,title_abstract,제목과 초록으로는 외용성분 관련 연구와 안전성 결과를 찾을 수 없다.,parsed,P2-B0001,Qwen/Qwen2.5-3B-Instruct,aa8e72537993ba99e69dfaafa59ed015b17504d1,fb7e0b495d6c58538f66641c07425447dd012c1c3e8b4da2b186f155474d3e76,130423b161a211248e5176e024226b682953dc539f189c558914499b1a75a4f3
PMID-17159777,17159777,OTC-LIT-Q05-TOPICAL,deprioritize,low,title_abstract,제목과 초록으로 보아 관련성 미확실,parsed,P2-B0001,Qwen/Qwen2.5-3B-Instruct,aa8e72537993ba99e69dfaafa59ed015b17504d1,fb7e0b495d6c58538f66641c07425447dd012c1c3e8b4da2b186f155474d3e76,6c4364099d9c77fda7e0d3567665d3bd00cff377f76e0a78ecf5d304caf6be9b
PMID-17161444,17161444,OTC-LIT-Q05-TOPICAL,deprioritize,low,title_abstract,제목과 초록으로는 PICOS 질문과 관련성이 불명확,parsed,P2-B0001,Qwen/Qwen2.5-3B-Instruct,aa8e72537993ba99e69dfaafa59ed015b17504d1,fb7e0b495d6c58538f66641c07425447dd012c1c3e8b4da2b186f155474d3e76,fa6486574c5cfc24f5f1aac5befa41966b07ad9167a4549ac91813330ddf7807
PMID-17172913,17172913,OTC-LIT-Q05-TOPICAL,deprioritize,low,title_abstract,제목과 초록으로는 외용성분 관련 연구가 명확하게 드러나지 않음,parsed,P2-B0001,Qwen/Qwen2.5-3B-Instruct,aa8e72537993ba99e69dfaafa59ed015b17504d1,fb7e0b495d6c58538f66641c07425447dd012c1c3e8b4da2b186f155474d3e76,ad070f545b8c465b6ad4d3af12d59bb42f6329183bab57b6452b67b366f1b15f
PMID-17192176,17192176,OTC-LIT-Q05-TOPICAL,deprioritize,low,title_abstract,제목과 초록으로 보아 질문과 무관하다,parsed,P2-B0001,Qwen/Qwen2.5-3B-Instruct,aa8e72537993ba99e69dfaafa59ed015b17504d1,fb7e0b495d6c58538f66641c07425447dd012c1c3e8b4da2b186f155474d3e76,94680d6ebead7485af7c81342ed22fa5ce30cecf01eef37175adf41d859e03ab
PMID-17200238,17200238,OTC-LIT-Q04-DIGESTIVE,deprioritize,low,title_abstract,제목과 초록에서 관련성 미비,parsed,P2-B0001,Qwen/Qwen2.5-3B-Instruct,aa8e72537993ba99e69dfaafa59ed015b17504d1,fb7e0b495d6c58538f66641c07425447dd012c1c3e8b4da2b186f155474d3e76,c13789bd8d1923239b6322bc7699f1cea724392d43fe9a80f87aee67da005ff4
PMID-17239735,17239735,OTC-LIT-Q05-TOPICAL,deprioritize,low,title_abstract,제목과 초록으로 보아 관련성 미확정,parsed,P2-B0001,Qwen/Qwen2.5-3B-Instruct,aa8e72537993ba99e69dfaafa59ed015b17504d1,fb7e0b495d6c58538f66641c07425447dd012c1c3e8b4da2b186f155474d3e76,d181a32c73ad76987f9c2e923b100235ccca3cb8b3b1f8c6edf2a77033aaf09f
PMID-17319782,17319782,OTC-LIT-Q05-TOPICAL,deprioritize,low,title_abstract,제목과 초록으로는 관련성 미확정,parsed,P2-B0001,Qwen/Qwen2.5-3B-Instruct,aa8e72537993ba99e69dfaafa59ed015b17504d1,fb7e0b495d6c58538f66641c07425447dd012c1c3e8b4da2b186f155474d3e76,682bb6fb16dcbf10a7d403e38f425252376270973afcedc7f2da24d7751f8784
PMID-17319931,17319931,OTC-LIT-Q04-DIGESTIVE,deprioritize,low,title_abstract,제목과 초록으로 PICOS 질문과 관련성이 없음,parsed,P2-B0001,Qwen/Qwen2.5-3B-Instruct,aa8e72537993ba99e69dfaafa59ed015b17504d1,fb7e0b495d6c58538f66641c07425447dd012c1c3e8b4da2b186f155474d3e76,d4e49f3fdd77376e3f686dbe9076923d0df5fe4784757062ade6a9c182769f4b
PMID-17330694,17330694,OTC-LIT-Q05-TOPICAL,deprioritize,low,title_abstract,제목과 초록에서 외용성분 관련 정보 없음,parsed,P2-B0001,Qwen/Qwen2.5-3B-Instruct,aa8e72537993ba99e69dfaafa59ed015b17504d1,fb7e0b495d6c58538f66641c07425447dd012c1c3e8b4da2b186f155474d3e76,7e9ec3a91ca557e459292d45e8274b57febe9f5214db9848cda3ad38c95d67f7
PMID-17364628,17364628,OTC-LIT-Q05-TOPICAL,uncertain,low,title_abstract,모델 출력 형식을 해석하지 못함,fallback_invalid_output,P2-B0001,Qwen/Qwen2.5-3B-Instruct,aa8e72537993ba99e69dfaafa59ed015b17504d1,fb7e0b495d6c58538f66641c07425447dd012c1c3e8b4da2b186f155474d3e76,f67a4d3a539ef9401a136d0cc40808b3f1a461f0f41c9f15487924063cc61037
PMID-17366567,17366567,OTC-LIT-Q05-TOPICAL,deprioritize,low,title_abstract,제목과 초록으로는 PICOS 질문과 관련성이 없음,parsed,P2-B0001,Qwen/Qwen2.5-3B-Instruct,aa8e72537993ba99e69dfaafa59ed015b17504d1,fb7e0b495d6c58538f66641c07425447dd012c1c3e8b4da2b186f155474d3e76,6e3e5fcfb8ed3ab04fbd2dc321ebaf08bc4f2d74377f691826d48ef8f3fa374c
PMID-17427617,17427617,OTC-LIT-Q05-TOPICAL,deprioritize,low,title_abstract,Peppermint油與消化問題相關,parsed,P2-B0001,Qwen/Qwen2.5-3B-Instruct,aa8e72537993ba99e69dfaafa59ed015b17504d1,fb7e0b495d6c58538f66641c07425447dd012c1c3e8b4da2b186f155474d3e76,dce55623cfb92ab633792c464545dc662a349742664f68ac3884dd358d25543a
PMID-17442689,17442689,OTC-LIT-Q05-TOPICAL,deprioritize,low,title_abstract,제목과 초록에서 외용성분 관련 정보 없음,parsed,P2-B0002,Qwen/Qwen2.5-3B-Instruct,aa8e72537993ba99e69dfaafa59ed015b17504d1,fb7e0b495d6c58538f66641c07425447dd012c1c3e8b4da2b186f155474d3e76,e35f5850a84cae6345357c2f5b189d7beaeb894520950724ea83374c14f7a66e
PMID-17467138,17467138,OTC-LIT-Q05-TOPICAL,deprioritize,low,title_abstract,제목과 초록으로 보아 관련성이 없음,parsed,P2-B0002,Qwen/Qwen2.5-3B-Instruct,aa8e72537993ba99e69dfaafa59ed015b17504d1,fb7e0b495d6c58538f66641c07425447dd012c1c3e8b4da2b186f155474d3e76,a093a7119e685ed31eb35af21345059895f2e7ba62262ee15c6c9123004dd55d
PMID-17497409,17497409,OTC-LIT-Q05-TOPICAL,deprioritize,low,title_abstract,제목과 초록으로는 PICOS 질문과 관련성이 불명확,parsed,P2-B0002,Qwen/Qwen2.5-3B-Instruct,aa8e72537993ba99e69dfaafa59ed015b17504d1,fb7e0b495d6c58538f66641c07425447dd012c1c3e8b4da2b186f155474d3e76,12405ea8ab5eaf6fe512721612358a1d5464019af5e49816bba0120b6eb66188
PMID-17573387,17573387,OTC-LIT-Q04-DIGESTIVE,deprioritize,low,title_abstract,제목과 초록에서 관련성 미비,parsed,P2-B0002,Qwen/Qwen2.5-3B-Instruct,aa8e72537993ba99e69dfaafa59ed015b17504d1,fb7e0b495d6c58538f66641c07425447dd012c1c3e8b4da2b186f155474d3e76,cba6bc3cac1519f0395060a670ad38b6e65b04f7f79f04cdee5d169f3750585f
PMID-17642286,17642286,OTC-LIT-Q05-TOPICAL,deprioritize,low,title_abstract,제목과 초록으로는 PICOS 질문과 관련성이 미비,parsed,P2-B0002,Qwen/Qwen2.5-3B-Instruct,aa8e72537993ba99e69dfaafa59ed015b17504d1,fb7e0b495d6c58538f66641c07425447dd012c1c3e8b4da2b186f155474d3e76,5d8671479d6f2d9f179aa20a717efd1f2aee9d336cfa67daa5e43cc550f4c518
PMID-17647002,17647002,OTC-LIT-Q05-TOPICAL,deprioritize,low,title_abstract,제목과 초록으로 보아 질문과 관련성이 없음,parsed,P2-B0002,Qwen/Qwen2.5-3B-Instruct,aa8e72537993ba99e69dfaafa59ed015b17504d1,fb7e0b495d6c58538f66641c07425447dd012c1c3e8b4da2b186f155474d3e76,ff2b789f391c686bef3cc2bbfe649b38d9655120caa19e2d5f83ee8bd97d1775
PMID-17669564,17669564,OTC-LIT-Q05-TOPICAL,deprioritize,low,title_abstract,제목과 초록으로는 PICOS 질문과 관련성이 미비,parsed,P2-B0002,Qwen/Qwen2.5-3B-Instruct,aa8e72537993ba99e69dfaafa59ed015b17504d1,fb7e0b495d6c58538f66641c07425447dd012c1c3e8b4da2b186f155474d3e76,3ba46979e1beab86cf391b2e53387fecf731a6108e617ce07038436bee49479e
PMID-17706489,17706489,OTC-LIT-Q04-DIGESTIVE,deprioritize,low,title_abstract,제목과 초록으로 PICOS 질문과 관련성이 낮음,parsed,P2-B0002,Qwen/Qwen2.5-3B-Instruct,aa8e72537993ba99e69dfaafa59ed015b17504d1,fb7e0b495d6c58538f66641c07425447dd012c1c3e8b4da2b186f155474d3e76,69dbbbda4d524fa0c2b83a68a4a80c3d905a174f626c55c837f0b85f3ba0883c
PMID-17901564,17901564,OTC-LIT-Q05-TOPICAL,deprioritize,low,title_abstract,외용성분 관련성 부족,parsed,P2-B0002,Qwen/Qwen2.5-3B-Instruct,aa8e72537993ba99e69dfaafa59ed015b17504d1,fb7e0b495d6c58538f66641c07425447dd012c1c3e8b4da2b186f155474d3e76,1ef3807a1c7373c1c4d31f277c5d46be45838ba38446ee7d9adf484abebc7306
PMID-17961274,17961274,OTC-LIT-Q04-DIGESTIVE,deprioritize,low,title_abstract,제목과 초록으로는 PICOS 질문과 관련성이 미비,parsed,P2-B0002,Qwen/Qwen2.5-3B-Instruct,aa8e72537993ba99e69dfaafa59ed015b17504d1,fb7e0b495d6c58538f66641c07425447dd012c1c3e8b4da2b186f155474d3e76,785f3ec484e0b86933bdf6cb746644d53da3f0a6c40a2033597d09a53a1f86ef
PMID-18022442,18022442,OTC-LIT-Q05-TOPICAL,deprioritize,low,title_abstract,제목과 초록에서 외용성분 관련 정보 없음,parsed,P2-B0002,Qwen/Qwen2.5-3B-Instruct,aa8e72537993ba99e69dfaafa59ed015b17504d1,fb7e0b495d6c58538f66641c07425447dd012c1c3e8b4da2b186f155474d3e76,a93872caae686e1e9a09c7fac191daa49fdb7134bdf4e155b4eb20923618ae04
PMID-18029526,18029526,OTC-LIT-Q05-TOPICAL,deprioritize,low,title_abstract,외용성분 관련 연구 미포함,parsed,P2-B0002,Qwen/Qwen2.5-3B-Instruct,aa8e72537993ba99e69dfaafa59ed015b17504d1,fb7e0b495d6c58538f66641c07425447dd012c1c3e8b4da2b186f155474d3e76,260058abee75b3b25e708bb339949a4e6b61846cfd3e451fc824bafe1d04a5ac
PMID-18031908,18031908,OTC-LIT-Q05-TOPICAL,deprioritize,low,title_abstract,제목과 초록으로 보아 관련성이 불명확,parsed,P2-B0002,Qwen/Qwen2.5-3B-Instruct,aa8e72537993ba99e69dfaafa59ed015b17504d1,fb7e0b495d6c58538f66641c07425447dd012c1c3e8b4da2b186f155474d3e76,01b67410d5a5c324c214dbe9d0826a51bb3dc08a39eee3216bf180d5ce8744bf
PMID-18053323,18053323,OTC-LIT-Q05-TOPICAL,deprioritize,low,title_abstract,제목과 초록에서 관련성 미비,parsed,P2-B0002,Qwen/Qwen2.5-3B-Instruct,aa8e72537993ba99e69dfaafa59ed015b17504d1,fb7e0b495d6c58538f66641c07425447dd012c1c3e8b4da2b186f155474d3e76,6c635ae9380c651b7eb325c480196ae1b8ce7059b88cc90a7fcf4d381efb3ed8
PMID-18157519,18157519,OTC-LIT-Q04-DIGESTIVE,deprioritize,low,title_abstract,제목과 초록에서 관련성 미비,parsed,P2-B0002,Qwen/Qwen2.5-3B-Instruct,aa8e72537993ba99e69dfaafa59ed015b17504d1,fb7e0b495d6c58538f66641c07425447dd012c1c3e8b4da2b186f155474d3e76,e01b0c95f23a86ced25c48546ff2d8e930f0602b1c88a6559d07a98a423b8d21
PMID-18194281,18194281,OTC-LIT-Q05-TOPICAL,deprioritize,low,title_abstract,제목과 초록에서 외용성분과 관련된 위해성 결과를 찾을 수 없다.,parsed,P2-B0002,Qwen/Qwen2.5-3B-Instruct,aa8e72537993ba99e69dfaafa59ed015b17504d1,fb7e0b495d6c58538f66641c07425447dd012c1c3e8b4da2b186f155474d3e76,2f15eff366f178b4e299c5b6c641c939b125c58fcd252063661323ddff431c6d
PMID-18254013,18254013,OTC-LIT-Q05-TOPICAL,deprioritize,low,title_abstract,제목과 초록으로 보아 질문과 관련성이 없음,parsed,P2-B0002,Qwen/Qwen2.5-3B-Instruct,aa8e72537993ba99e69dfaafa59ed015b17504d1,fb7e0b495d6c58538f66641c07425447dd012c1c3e8b4da2b186f155474d3e76,476be514b7bc048062c9ae84567f99f63d71468fd17d76e7ebdc2711fccd009f
PMID-18271188,18271188,OTC-LIT-Q05-TOPICAL,deprioritize,low,title_abstract,외용 복합성분 연구와 관련없음,parsed,P2-B0002,Qwen/Qwen2.5-3B-Instruct,aa8e72537993ba99e69dfaafa59ed015b17504d1,fb7e0b495d6c58538f66641c07425447dd012c1c3e8b4da2b186f155474d3e76,ceeec0237aeaa59c02b55e18b423d7e8d1a0e2f2d2a3db56b5b751f6e34178c1
PMID-18435479,18435479,OTC-LIT-Q05-TOPICAL,deprioritize,low,title_abstract,제목과 초록으로 보아 관련성 미비,parsed,P2-B0002,Qwen/Qwen2.5-3B-Instruct,aa8e72537993ba99e69dfaafa59ed015b17504d1,fb7e0b495d6c58538f66641c07425447dd012c1c3e8b4da2b186f155474d3e76,aad018b31b23e250f535c05ad8c667e130e0e70fbd2bbd5295bfe326176fff8b
PMID-18441098,18441098,OTC-LIT-Q05-TOPICAL,uncertain,medium,title_abstract,제목과 초록으로는 PICOS 질문과 직접적인 연관성이 불명확,parsed,P2-B0002,Qwen/Qwen2.5-3B-Instruct,aa8e72537993ba99e69dfaafa59ed015b17504d1,fb7e0b495d6c58538f66641c07425447dd012c1c3e8b4da2b186f155474d3e76,4779fcbabbb6de79f1255a7240a89c1465b659403df15fafa64f5ce5e0536209
PMID-18455262,18455262,OTC-LIT-Q05-TOPICAL,deprioritize,low,title_abstract,제목과 초록에서 외용성분 관련 정보 없음,parsed,P2-B0002,Qwen/Qwen2.5-3B-Instruct,aa8e72537993ba99e69dfaafa59ed015b17504d1,fb7e0b495d6c58538f66641c07425447dd012c1c3e8b4da2b186f155474d3e76,6e3ccbcba6d2ab9371f2474bd2675ee5fb8088c70d7c1346cc80a596d7b36979
PMID-18473475,18473475,OTC-LIT-Q05-TOPICAL,deprioritize,low,title_abstract,제목과 초록으로는 관련성 미확정,parsed,P2-B0002,Qwen/Qwen2.5-3B-Instruct,aa8e72537993ba99e69dfaafa59ed015b17504d1,fb7e0b495d6c58538f66641c07425447dd012c1c3e8b4da2b186f155474d3e76,9376a372ccd701d95975ce57ce11123d63ca259a04818cc34c5b8d256bd1b9b1
PMID-18500155,18500155,OTC-LIT-Q05-TOPICAL,deprioritize,low,title_abstract,제목과 초록으로는 외용성분 관련 연구 내용을 찾을 수 없다.,parsed,P2-B0002,Qwen/Qwen2.5-3B-Instruct,aa8e72537993ba99e69dfaafa59ed015b17504d1,fb7e0b495d6c58538f66641c07425447dd012c1c3e8b4da2b186f155474d3e76,d615574f3e9bc61eafe8e1c55aaa4b5ae377a957da34853f0a05346ead47a3ff
PMID-18569160,18569160,OTC-LIT-Q05-TOPICAL,uncertain,low,title_abstract,모델 출력 형식을 해석하지 못함,fallback_invalid_output,P2-B0002,Qwen/Qwen2.5-3B-Instruct,aa8e72537993ba99e69dfaafa59ed015b17504d1,fb7e0b495d6c58538f66641c07425447dd012c1c3e8b4da2b186f155474d3e76,016d3e3a5fcddaaaf4ddd4846607c81be52625e16ab739834423667d67de54a1
PMID-18640186,18640186,OTC-LIT-Q05-TOPICAL,deprioritize,low,title_abstract,제목과 초록으로 보아 관련성 미확실,parsed,P2-B0002,Qwen/Qwen2.5-3B-Instruct,aa8e72537993ba99e69dfaafa59ed015b17504d1,fb7e0b495d6c58538f66641c07425447dd012c1c3e8b4da2b186f155474d3e76,144b1ef27eb67782c406071aa4df3c1c39bba53609974b2870ac995106483d7f
PMID-18640189,18640189,OTC-LIT-Q05-TOPICAL,deprioritize,low,title_abstract,제목과 초록으로 보아 관련성이 불명확,parsed,P2-B0002,Qwen/Qwen2.5-3B-Instruct,aa8e72537993ba99e69dfaafa59ed015b17504d1,fb7e0b495d6c58538f66641c07425447dd012c1c3e8b4da2b186f155474d3e76,856e87d1f83034042a51efe75e26523f759062bb245afd36a2d5138c1d0467b9
PMID-18640200,18640200,OTC-LIT-Q05-TOPICAL,deprioritize,low,title_abstract,제목과 초록으로 보아 관련성이 불명확,parsed,P2-B0002,Qwen/Qwen2.5-3B-Instruct,aa8e72537993ba99e69dfaafa59ed015b17504d1,fb7e0b495d6c58538f66641c07425447dd012c1c3e8b4da2b186f155474d3e76,bba75d3374204ff3b5dd66e50436fe349783e824ddca4e94dde2e9f14bfec44b
PMID-18640220,18640220,OTC-LIT-Q05-TOPICAL,deprioritize,low,title_abstract,제목과 초록으로 보아 관련성이 불명확,parsed,P2-B0002,Qwen/Qwen2.5-3B-Instruct,aa8e72537993ba99e69dfaafa59ed015b17504d1,fb7e0b495d6c58538f66641c07425447dd012c1c3e8b4da2b186f155474d3e76,26e4f21ffd44f9d29821d71b130cf0547a887c9d81b7aea95daef2dfc3140e82
PMID-18640225,18640225,OTC-LIT-Q05-TOPICAL,deprioritize,low,title_abstract,제목과 초록으로 보아 관련성이 불명확,parsed,P2-B0002,Qwen/Qwen2.5-3B-Instruct,aa8e72537993ba99e69dfaafa59ed015b17504d1,fb7e0b495d6c58538f66641c07425447dd012c1c3e8b4da2b186f155474d3e76,1138f8453b34acb7d01f7ef4530358eae243f1da3f8535e902b502ca51466c02
PMID-18727477,18727477,OTC-LIT-Q04-DIGESTIVE,deprioritize,low,title_abstract,제목과 초록에서 관련성 미비,parsed,P2-B0002,Qwen/Qwen2.5-3B-Instruct,aa8e72537993ba99e69dfaafa59ed015b17504d1,fb7e0b495d6c58538f66641c07425447dd012c1c3e8b4da2b186f155474d3e76,64a3d2ffb114b6174db42cdf7326adf46c19b5a377a5e030d22859ecea49d08b
PMID-18781121,18781121,OTC-LIT-Q05-TOPICAL,deprioritize,low,title_abstract,제목과 초록으로는 PICOS 질문과 관련성이 낮다,parsed,P2-B0002,Qwen/Qwen2.5-3B-Instruct,aa8e72537993ba99e69dfaafa59ed015b17504d1,fb7e0b495d6c58538f66641c07425447dd012c1c3e8b4da2b186f155474d3e76,85845d21a3ee48c0b0640e5e307bce8dadbb3e9de2c00e39dec85dd8336fc789
PMID-18823646,18823646,OTC-LIT-Q02-NSAID,deprioritize,low,title_abstract,제목과 초록으로 보아 질문과 관련성이 낮음,parsed,P2-B0002,Qwen/Qwen2.5-3B-Instruct,aa8e72537993ba99e69dfaafa59ed015b17504d1,fb7e0b495d6c58538f66641c07425447dd012c1c3e8b4da2b186f155474d3e76,36116391199a122e547bcd21b344da1e662467e02f95a03a64144ecca0b9dffa
PMID-18941372,18941372,OTC-LIT-Q04-DIGESTIVE,deprioritize,low,title_abstract,제목과 초록으로는 PICOS 질문과 관련성이 낮다,parsed,P2-B0002,Qwen/Qwen2.5-3B-Instruct,aa8e72537993ba99e69dfaafa59ed015b17504d1,fb7e0b495d6c58538f66641c07425447dd012c1c3e8b4da2b186f155474d3e76,97ac348de0fc3cf848c227ff713cb567aca63076c39f063b6acae95bfbc3b143
PMID-18981044,18981044,OTC-LIT-Q05-TOPICAL,deprioritize,low,title_abstract,제목과 초록으로 보아 관련성이 없음,parsed,P2-B0002,Qwen/Qwen2.5-3B-Instruct,aa8e72537993ba99e69dfaafa59ed015b17504d1,fb7e0b495d6c58538f66641c07425447dd012c1c3e8b4da2b186f155474d3e76,51f62eb31c19a2ed6972a307d3ebfddcff98be79bb0b31e1223d4384ea2dcae8
PMID-19081699,19081699,OTC-LIT-Q01-ACETAMINOPHEN,deprioritize,low,title_abstract,제목과 초록에서 아세트아미노펜 관련 내용 없음,parsed,P2-B0002,Qwen/Qwen2.5-3B-Instruct,aa8e72537993ba99e69dfaafa59ed015b17504d1,fb7e0b495d6c58538f66641c07425447dd012c1c3e8b4da2b186f155474d3e76,b0008b6652a35190aa3119ca89a0804c201b9d03c0dee3fef5f5b78a485a9eb7
PMID-19086001,19086001,OTC-LIT-Q05-TOPICAL,deprioritize,low,title_abstract,제목과 초록으로 보아 관련성 미확정,parsed,P2-B0002,Qwen/Qwen2.5-3B-Instruct,aa8e72537993ba99e69dfaafa59ed015b17504d1,fb7e0b495d6c58538f66641c07425447dd012c1c3e8b4da2b186f155474d3e76,7ddffe40c3de15f7ec804f579b4b64beec829499d652f5973a4b09ffbbe0f4ed
PMID-19136911,19136911,OTC-LIT-Q05-TOPICAL,deprioritize,low,title_abstract,제목과 초록으로 보아 관련성 미확실,parsed,P2-B0002,Qwen/Qwen2.5-3B-Instruct,aa8e72537993ba99e69dfaafa59ed015b17504d1,fb7e0b495d6c58538f66641c07425447dd012c1c3e8b4da2b186f155474d3e76,a711c116fe7aeb1734b2d8fe67105889dd8610fc457d6f8b368e2642aace4e6e
PMID-19171401,19171401,OTC-LIT-Q03-COLD-ALLERGY,deprioritize,low,title_abstract,제목과 초록으로 보아 관련성 미확실,parsed,P2-B0002,Qwen/Qwen2.5-3B-Instruct,aa8e72537993ba99e69dfaafa59ed015b17504d1,fb7e0b495d6c58538f66641c07425447dd012c1c3e8b4da2b186f155474d3e76,5bdc7bb8aec10dacbeee035f00b2e077b4f2fd2d8d819d5e6cd716256cec9d99
PMID-19223628,19223628,OTC-LIT-Q05-TOPICAL,deprioritize,low,title_abstract,제목과 초록으로 보아 관련성 미확실,parsed,P2-B0002,Qwen/Qwen2.5-3B-Instruct,aa8e72537993ba99e69dfaafa59ed015b17504d1,fb7e0b495d6c58538f66641c07425447dd012c1c3e8b4da2b186f155474d3e76,71b563e1f0eb6dcb21875be3a2013143e5924cd81c11f4b461886094ec1cf185
PMID-19283775,19283775,OTC-LIT-Q05-TOPICAL,deprioritize,low,title_abstract,제목과 초록으로는 외용성분과 관련성이 불명확,parsed,P2-B0002,Qwen/Qwen2.5-3B-Instruct,aa8e72537993ba99e69dfaafa59ed015b17504d1,fb7e0b495d6c58538f66641c07425447dd012c1c3e8b4da2b186f155474d3e76,ba30190a5395c5a2c67c044db1f484d5ed56206954532fd919395b21ca22edd4
PMID-19332972,19332972,OTC-LIT-Q05-TOPICAL,deprioritize,low,title_abstract,제목과 초록으로 보아 관련성 미확실,parsed,P2-B0002,Qwen/Qwen2.5-3B-Instruct,aa8e72537993ba99e69dfaafa59ed015b17504d1,fb7e0b495d6c58538f66641c07425447dd012c1c3e8b4da2b186f155474d3e76,aab8c84212ccc37920df28aa75a5386efbaf6df11977c7829c28125d77f21131
PMID-19333158,19333158,OTC-LIT-Q05-TOPICAL,deprioritize,low,title_abstract,제목과 초록에서 관련성 미비,parsed,P2-B0002,Qwen/Qwen2.5-3B-Instruct,aa8e72537993ba99e69dfaafa59ed015b17504d1,fb7e0b495d6c58538f66641c07425447dd012c1c3e8b4da2b186f155474d3e76,d490e457c30761ffa0c3bb84e855848f1c3b03f7d6ae17df243502cbac889983
PMID-19391294,19391294,OTC-LIT-Q05-TOPICAL,deprioritize,low,title_abstract,외용 복합성분의 위해,parsed,P2-B0002,Qwen/Qwen2.5-3B-Instruct,aa8e72537993ba99e69dfaafa59ed015b17504d1,fb7e0b495d6c58538f66641c07425447dd012c1c3e8b4da2b186f155474d3e76,6a12f6922d14d613bd7b867e5975f7deef1c54ec7db5be11758149b2824fb5fa
PMID-19403490,19403490,OTC-LIT-Q05-TOPICAL,deprioritize,low,title_abstract,제목과 초록으로는 외용성분 관련 결과와 명확한 연관성이 없음,parsed,P2-B0002,Qwen/Qwen2.5-3B-Instruct,aa8e72537993ba99e69dfaafa59ed015b17504d1,fb7e0b495d6c58538f66641c07425447dd012c1c3e8b4da2b186f155474d3e76,2fbed0a74af0b6a2ab3f4f3e8ec9c243ac72fdf8e15ec3aad5058fe14cb7b97b
PMID-19449344,19449344,OTC-LIT-Q05-TOPICAL,deprioritize,low,title_abstract,외용 복합성분 관련 연구 제목,parsed,P2-B0002,Qwen/Qwen2.5-3B-Instruct,aa8e72537993ba99e69dfaafa59ed015b17504d1,fb7e0b495d6c58538f66641c07425447dd012c1c3e8b4da2b186f155474d3e76,76c3229240a86ef47d1b655d211bd71878d12e01f5ef639239bbf99457c393ea
PMID-19485922,19485922,OTC-LIT-Q03-COLD-ALLERGY,deprioritize,low,title_abstract,제목과 초록으로 보아 관련성이 없음,parsed,P2-B0002,Qwen/Qwen2.5-3B-Instruct,aa8e72537993ba99e69dfaafa59ed015b17504d1,fb7e0b495d6c58538f66641c07425447dd012c1c3e8b4da2b186f155474d3e76,f5ba2d4f6714968508893dc008adec27b8beddea44b2824958cf12271e2fee5b
PMID-19507027,19507027,OTC-LIT-Q05-TOPICAL,deprioritize,low,title_abstract,제목과 초록에서 외용성분 및 관련 위험에 대한 정보 없음,parsed,P2-B0002,Qwen/Qwen2.5-3B-Instruct,aa8e72537993ba99e69dfaafa59ed015b17504d1,fb7e0b495d6c58538f66641c07425447dd012c1c3e8b4da2b186f155474d3e76,35a1d0619eb3ac48a9bc866e846ea99f9eed788c3cf9284857c0dc1a9f69cc58
PMID-19559137,19559137,OTC-LIT-Q05-TOPICAL,deprioritize,low,title_abstract,제목과 초록으로 보아 관련성이 없음,parsed,P2-B0002,Qwen/Qwen2.5-3B-Instruct,aa8e72537993ba99e69dfaafa59ed015b17504d1,fb7e0b495d6c58538f66641c07425447dd012c1c3e8b4da2b186f155474d3e76,167b7a7b6442e186a478744369ca004debdd6dbf20264f95b7a16206e1a35b70
PMID-19591958,19591958,OTC-LIT-Q05-TOPICAL,deprioritize,low,title_abstract,제목과 초록으로는 해당 질문과 관련성이 없음,parsed,P2-B0002,Qwen/Qwen2.5-3B-Instruct,aa8e72537993ba99e69dfaafa59ed015b17504d1,fb7e0b495d6c58538f66641c07425447dd012c1c3e8b4da2b186f155474d3e76,d5f790c13812272e956d290ac1c757f949233aef9b38fcf7a2aa609bcdb262d8
PMID-19764672,19764672,OTC-LIT-Q05-TOPICAL,deprioritize,low,title_abstract,제목과 초록으로는 해당 질문과 관련성이 미비,parsed,P2-B0002,Qwen/Qwen2.5-3B-Instruct,aa8e72537993ba99e69dfaafa59ed015b17504d1,fb7e0b495d6c58538f66641c07425447dd012c1c3e8b4da2b186f155474d3e76,5fb6916bd1b82ff5df87b9041ad572c6604850fcda336eacd8777536adcced58
PMID-19764910,19764910,OTC-LIT-Q03-COLD-ALLERGY,deprioritize,low,title_abstract,제목과 초록으로 보아 관련성이 없음,parsed,P2-B0002,Qwen/Qwen2.5-3B-Instruct,aa8e72537993ba99e69dfaafa59ed015b17504d1,fb7e0b495d6c58538f66641c07425447dd012c1c3e8b4da2b186f155474d3e76,c125650c9292544cf811b3ee527a34378d5b7144792b3556c8c3fda0f19fa062
PMID-19766007,19766007,OTC-LIT-Q05-TOPICAL,deprioritize,low,title_abstract,외용성분 관련 연구 제목 및 초록 분석,parsed,P2-B0002,Qwen/Qwen2.5-3B-Instruct,aa8e72537993ba99e69dfaafa59ed015b17504d1,fb7e0b495d6c58538f66641c07425447dd012c1c3e8b4da2b186f155474d3e76,7b702527d5c74a7d42a4ea702a195e75b258e2469039d5e0e9c91c1e0db8d793
PMID-19779704,19779704,OTC-LIT-Q01-ACETAMINOPHEN,deprioritize,low,title_abstract,제목과 초록에서 아세트아미노펜 관련 정보 없음,parsed,P2-B0002,Qwen/Qwen2.5-3B-Instruct,aa8e72537993ba99e69dfaafa59ed015b17504d1,fb7e0b495d6c58538f66641c07425447dd012c1c3e8b4da2b186f155474d3e76,c5f36cbd8be4d7343f634f23488db30a8f88576341a56d992437739feba047cf
PMID-19798476,19798476,OTC-LIT-Q03-COLD-ALLERGY,deprioritize,low,title_abstract,제목과 초록으로 보아 관련성이 없음,parsed,P2-B0002,Qwen/Qwen2.5-3B-Instruct,aa8e72537993ba99e69dfaafa59ed015b17504d1,fb7e0b495d6c58538f66641c07425447dd012c1c3e8b4da2b186f155474d3e76,8025a70e58d1dddb19960f1c8ff7af96e9204c61d9a7cf5edeaa712d17f613c3
PMID-19815612,19815612,OTC-LIT-Q01-ACETAMINOPHEN,deprioritize,low,title_abstract,제목과 초록에서 아세트아미노펜 관련 안전성 결과 미포함,parsed,P2-B0002,Qwen/Qwen2.5-3B-Instruct,aa8e72537993ba99e69dfaafa59ed015b17504d1,fb7e0b495d6c58538f66641c07425447dd012c1c3e8b4da2b186f155474d3e76,3e85e831994e7e1d5396fe69eba9f2419115f289d5e01a05cd7d3512e0e2f9d4
PMID-19822404,19822404,OTC-LIT-Q05-TOPICAL,deprioritize,low,title_abstract,제목과 초록에서 외용 복합성분 관련 내용 없음,parsed,P2-B0002,Qwen/Qwen2.5-3B-Instruct,aa8e72537993ba99e69dfaafa59ed015b17504d1,fb7e0b495d6c58538f66641c07425447dd012c1c3e8b4da2b186f155474d3e76,ffa22d740e87f2521b59b8ce5ce9e83c1c54952fcc1540e8edbfc2cafbd7dff1
PMID-19896925,19896925,OTC-LIT-Q05-TOPICAL,deprioritize,low,title_abstract,제목과 초록으로 보아 관련성이 없음,parsed,P2-B0002,Qwen/Qwen2.5-3B-Instruct,aa8e72537993ba99e69dfaafa59ed015b17504d1,fb7e0b495d6c58538f66641c07425447dd012c1c3e8b4da2b186f155474d3e76,6a31684621e71aa95e3e1e17072cb48e972b2fe5591c21cd36eddf03c285acc3
PMID-19902266,19902266,OTC-LIT-Q02-NSAID,deprioritize,low,title_abstract,제목과 초록으로는 PICOS 질문과 관련성이 없음,parsed,P2-B0002,Qwen/Qwen2.5-3B-Instruct,aa8e72537993ba99e69dfaafa59ed015b17504d1,fb7e0b495d6c58538f66641c07425447dd012c1c3e8b4da2b186f155474d3e76,9573c8b7ff555bd93ee77f54e323c17fbc7ad137d6cbba72679b84c00fac50f6
PMID-19902529,19902529,OTC-LIT-Q02-NSAID,deprioritize,low,title_abstract,제목과 초록에서 관련성 확인 불가,parsed,P2-B0002,Qwen/Qwen2.5-3B-Instruct,aa8e72537993ba99e69dfaafa59ed015b17504d1,fb7e0b495d6c58538f66641c07425447dd012c1c3e8b4da2b186f155474d3e76,d1ac8729f84bc656b770557b3593b17f808e4c29fef92d02f8bdce8d91519ab9
PMID-19910625,19910625,OTC-LIT-Q03-COLD-ALLERGY,deprioritize,low,title_abstract,제목과 초록으로 보아 관련성이 없음,parsed,P2-B0002,Qwen/Qwen2.5-3B-Instruct,aa8e72537993ba99e69dfaafa59ed015b17504d1,fb7e0b495d6c58538f66641c07425447dd012c1c3e8b4da2b186f155474d3e76,53ede6f120bd8ec929a27ab0348e2b462e118cd58bdb750cd053d48b842782d6
PMID-19912487,19912487,OTC-LIT-Q03-COLD-ALLERGY,deprioritize,low,title_abstract,제목과 초록으로 보아 관련성이 없음,parsed,P2-B0002,Qwen/Qwen2.5-3B-Instruct,aa8e72537993ba99e69dfaafa59ed015b17504d1,fb7e0b495d6c58538f66641c07425447dd012c1c3e8b4da2b186f155474d3e76,db304edd22adfc28de5f7ad75b56325703ee79187f44810fa7afee5dd3c13fb5
PMID-19918972,19918972,OTC-LIT-Q01-ACETAMINOPHEN,uncertain,medium,title_abstract,12단어 이하 근거,parsed,P2-B0002,Qwen/Qwen2.5-3B-Instruct,aa8e72537993ba99e69dfaafa59ed015b17504d1,fb7e0b495d6c58538f66641c07425447dd012c1c3e8b4da2b186f155474d3e76,6420ec11da7d90b4ebf72a2c984abbe7293e541c56490859f65a21ddc2e3caf2
PMID-19927376,19927376,OTC-LIT-Q02-NSAID,deprioritize,low,title_abstract,제품·성분·함량·복용 조건과 관련없음,parsed,P2-B0002,Qwen/Qwen2.5-3B-Instruct,aa8e72537993ba99e69dfaafa59ed015b17504d1,fb7e0b495d6c58538f66641c07425447dd012c1c3e8b4da2b186f155474d3e76,f21a66ca2c0fe8c3cde6106865f62474845c9ef6cb0b0f7f7ec166b0b13dd564
PMID-19935406,19935406,OTC-LIT-Q04-DIGESTIVE,deprioritize,low,title_abstract,제목과 초록에서 관련성 미비,parsed,P2-B0002,Qwen/Qwen2.5-3B-Instruct,aa8e72537993ba99e69dfaafa59ed015b17504d1,fb7e0b495d6c58538f66641c07425447dd012c1c3e8b4da2b186f155474d3e76,c21e199fb9ead70024147a48f36445076edf5db051cbc9e73ab9fab8d90b006f
PMID-19958649,19958649,OTC-LIT-Q04-DIGESTIVE,deprioritize,low,title_abstract,"소화효소, 담즙산, 가스제거 성분 복합 사용의 안전성",parsed,P2-B0002,Qwen/Qwen2.5-3B-Instruct,aa8e72537993ba99e69dfaafa59ed015b17504d1,fb7e0b495d6c58538f66641c07425447dd012c1c3e8b4da2b186f155474d3e76,1d66eb76214b6af3b13075f6d18e7b8b199aa38944dba816d4ae6beeec4288a4
PMID-19959976,19959976,OTC-LIT-Q01-ACETAMINOPHEN,deprioritize,low,title_only,제목과 초록으로 보아 관련성이 불명확,parsed,P2-B0002,Qwen/Qwen2.5-3B-Instruct,aa8e72537993ba99e69dfaafa59ed015b17504d1,fb7e0b495d6c58538f66641c07425447dd012c1c3e8b4da2b186f155474d3e76,97ff80b22b1aaa0e1d48f5f48fdb03fa38f100e84426c9ff2b38cfced7bd26cb
PMID-19996359,19996359,OTC-LIT-Q03-COLD-ALLERGY,deprioritize,low,title_abstract,제목과 초록으로는 감기·알레르기 복합성분의 진정·운전·,parsed,P2-B0002,Qwen/Qwen2.5-3B-Instruct,aa8e72537993ba99e69dfaafa59ed015b17504d1,fb7e0b495d6c58538f66641c07425447dd012c1c3e8b4da2b186f155474d3e76,c79c27006d3e0c0b996a3443e540b7056efb2b030b0a9edba5443b8d8cfd9619
PMID-19996852,19996852,OTC-LIT-Q01-ACETAMINOPHEN,deprioritize,low,title_abstract,제목과 초록에서 아세트아미노펜 관련성 확인 불가,parsed,P2-B0002,Qwen/Qwen2.5-3B-Instruct,aa8e72537993ba99e69dfaafa59ed015b17504d1,fb7e0b495d6c58538f66641c07425447dd012c1c3e8b4da2b186f155474d3e76,10eb91505a1417814f5bab169f64d29d90175b6a1c2356e852b53f4f7e292421
PMID-20002061,20002061,OTC-LIT-Q01-ACETAMINOPHEN,deprioritize,low,title_abstract,제목과 초록에서 아세트아미노펜 관련성 미확실,parsed,P2-B0002,Qwen/Qwen2.5-3B-Instruct,aa8e72537993ba99e69dfaafa59ed015b17504d1,fb7e0b495d6c58538f66641c07425447dd012c1c3e8b4da2b186f155474d3e76,e67ef05660c2d0bc129b91d2a65a05991a86e3f4cc08c7e9065258f474e70417
PMID-20002359,20002359,OTC-LIT-Q01-ACETAMINOPHEN,retain,high,title_abstract,세부적인 아세트아미노펜 overdose 관련 연구,parsed,P2-B0002,Qwen/Qwen2.5-3B-Instruct,aa8e72537993ba99e69dfaafa59ed015b17504d1,fb7e0b495d6c58538f66641c07425447dd012c1c3e8b4da2b186f155474d3e76,e6b55d69e8d5817f3895e395e6d7eae8798fa40283f5535fc65a2b6b14cc66eb
PMID-20013578,20013578,OTC-LIT-Q02-NSAID,deprioritize,low,title_abstract,제목과 초록으로는 중복 및 주요 위해와 관련 없다,parsed,P2-B0002,Qwen/Qwen2.5-3B-Instruct,aa8e72537993ba99e69dfaafa59ed015b17504d1,fb7e0b495d6c58538f66641c07425447dd012c1c3e8b4da2b186f155474d3e76,add6ace1b1a1f9b3a789854c6edfefbd843f871ac08af62e1f1b97aeb5882458
PMID-20013605,20013605,OTC-LIT-Q02-NSAID,deprioritize,low,title_abstract,제목과 초록으로는 중복 및 주요 위해와 관련 없다,parsed,P2-B0002,Qwen/Qwen2.5-3B-Instruct,aa8e72537993ba99e69dfaafa59ed015b17504d1,fb7e0b495d6c58538f66641c07425447dd012c1c3e8b4da2b186f155474d3e76,a71e30677b6c2bdbc3b3ae687485b0a849aee321685a5cb9b3ac9852c460dde3
PMID-20014242,20014242,OTC-LIT-Q03-COLD-ALLERGY,deprioritize,low,title_abstract,Cetirizine 통과 경로 연구,parsed,P2-B0002,Qwen/Qwen2.5-3B-Instruct,aa8e72537993ba99e69dfaafa59ed015b17504d1,fb7e0b495d6c58538f66641c07425447dd012c1c3e8b4da2b186f155474d3e76,07e1eb5e766fb22ff15ad64ff82298f34c10cca86f59e14e5f71a76e6311bec1
PMID-20019161,20019161,OTC-LIT-Q01-ACETAMINOPHEN,deprioritize,low,title_abstract,제목과 초록으로 PICOS 질문과 관련성이 낮음,parsed,P2-B0002,Qwen/Qwen2.5-3B-Instruct,aa8e72537993ba99e69dfaafa59ed015b17504d1,fb7e0b495d6c58538f66641c07425447dd012c1c3e8b4da2b186f155474d3e76,89ed9902a2046eaab420889397a5b0339dd5129d3b65c9d6ebf5d25b23f1260f
PMID-20020263,20020263,OTC-LIT-Q01-ACETAMINOPHEN,uncertain,medium,title_abstract,제목과 초록에서 아세트아미노펜 관련 안전성 결과에 대한 명확한 언급 없음,parsed,P2-B0002,Qwen/Qwen2.5-3B-Instruct,aa8e72537993ba99e69dfaafa59ed015b17504d1,fb7e0b495d6c58538f66641c07425447dd012c1c3e8b4da2b186f155474d3e76,75ea2c484851cb3dcbe8b01a7d5f38d36b3eda85f7ee0a4005c825ef7afa8d82
PMID-20020266,20020266,OTC-LIT-Q01-ACETAMINOPHEN,uncertain,medium,title_abstract,12단어 이하 근거,parsed,P2-B0002,Qwen/Qwen2.5-3B-Instruct,aa8e72537993ba99e69dfaafa59ed015b17504d1,fb7e0b495d6c58538f66641c07425447dd012c1c3e8b4da2b186f155474d3e76,3ee949895d83fae8ff30f13268dd273043ba71b6550d0d12f89d234434c937e4
PMID-20030470,20030470,OTC-LIT-Q02-NSAID,deprioritize,low,title_abstract,제목과 초록으로는 중복 및 주요 위해와 관련성이 없음,parsed,P2-B0002,Qwen/Qwen2.5-3B-Instruct,aa8e72537993ba99e69dfaafa59ed015b17504d1,fb7e0b495d6c58538f66641c07425447dd012c1c3e8b4da2b186f155474d3e76,d6badf677f3eb97e1cc95be5e3afd6f3a10a149002d20bcaf49c90ea7ee16c17
PMID-20030479,20030479,OTC-LIT-Q05-TOPICAL,deprioritize,low,title_abstract,제목과 초록으로 보아 관련성 미확실,parsed,P2-B0002,Qwen/Qwen2.5-3B-Instruct,aa8e72537993ba99e69dfaafa59ed015b17504d1,fb7e0b495d6c58538f66641c07425447dd012c1c3e8b4da2b186f155474d3e76,330b260251a98676f43ad865d4f65632f2559fa78dcf6950a0ed7a22a1aaac0e
PMID-20039781,20039781,OTC-LIT-Q01-ACETAMINOPHEN,deprioritize,low,title_abstract,제목과 초록으로는 아세트아미노펜 관련 안전성 결과와 무관,parsed,P2-B0002,Qwen/Qwen2.5-3B-Instruct,aa8e72537993ba99e69dfaafa59ed015b17504d1,fb7e0b495d6c58538f66641c07425447dd012c1c3e8b4da2b186f155474d3e76,a12cd6865aa61788eb0a0157a373c26737d520ecb785a625dc7605b8545d07f4
PMID-20041403,20041403,OTC-LIT-Q01-ACETAMINOPHEN,deprioritize,low,title_abstract,제목과 초록으로는 아세트아미노펜 관련 연구와 무관,parsed,P2-B0002,Qwen/Qwen2.5-3B-Instruct,aa8e72537993ba99e69dfaafa59ed015b17504d1,fb7e0b495d6c58538f66641c07425447dd012c1c3e8b4da2b186f155474d3e76,1acd9081cac166cd7f2a1d73e8650ac089da6b5f69bf4454b7aedfa09d6dac26
PMID-20048026,20048026,OTC-LIT-Q01-ACETAMINOPHEN,deprioritize,low,title_abstract,제목과 초록으로는 PICOS 질문과 관련성이 낮다,parsed,P2-B0002,Qwen/Qwen2.5-3B-Instruct,aa8e72537993ba99e69dfaafa59ed015b17504d1,fb7e0b495d6c58538f66641c07425447dd012c1c3e8b4da2b186f155474d3e76,55efd5d629e8830bba805bc12c1b5471620cbea0ce9f97b0a7a2d8328503728c
PMID-20051454,20051454,OTC-LIT-Q01-ACETAMINOPHEN,deprioritize,low,title_abstract,제목과 초록에서 아세트아미노펜 관련 내용 미포함,parsed,P2-B0002,Qwen/Qwen2.5-3B-Instruct,aa8e72537993ba99e69dfaafa59ed015b17504d1,fb7e0b495d6c58538f66641c07425447dd012c1c3e8b4da2b186f155474d3e76,58a0e6c197f0d39a4c89addc2cbb66324c1064fab098f8158b8ee6acaa9ecf6d
PMID-20052659,20052659,OTC-LIT-Q03-COLD-ALLERGY,deprioritize,low,title_abstract,제목과 초록으로 보아 관련성이 없음,parsed,P2-B0002,Qwen/Qwen2.5-3B-Instruct,aa8e72537993ba99e69dfaafa59ed015b17504d1,fb7e0b495d6c58538f66641c07425447dd012c1c3e8b4da2b186f155474d3e76,d34def2dc984bd546a847ec074431a0d7f118192ff5f37e01788386be6a191de
PMID-20056362,20056362,OTC-LIT-Q01-ACETAMINOPHEN,deprioritize,low,title_abstract,제목과 초록으로는 아세트아미노펜 관련 연구와 무관,parsed,P2-B0002,Qwen/Qwen2.5-3B-Instruct,aa8e72537993ba99e69dfaafa59ed015b17504d1,fb7e0b495d6c58538f66641c07425447dd012c1c3e8b4da2b186f155474d3e76,9c4d92f26b2329f8196ea0569e60f44d356927f58a30e6d258c4d7d04e9a31ec
PMID-20061948,20061948,OTC-LIT-Q03-COLD-ALLERGY,deprioritize,low,title_abstract,제목과 초록으로 보아 관련성이 없음,parsed,P2-B0002,Qwen/Qwen2.5-3B-Instruct,aa8e72537993ba99e69dfaafa59ed015b17504d1,fb7e0b495d6c58538f66641c07425447dd012c1c3e8b4da2b186f155474d3e76,8c2368a0e4c3d1e0b944f563ea2d1b695d06158a452a91f394bd306c4ac7f3eb
PMID-20067607,20067607,OTC-LIT-Q01-ACETAMINOPHEN,deprioritize,low,title_abstract,제목과 초록으로는 아세트아미노펜 관련 연구 내용이 명확히 드러나지,parsed,P2-B0002,Qwen/Qwen2.5-3B-Instruct,aa8e72537993ba99e69dfaafa59ed015b17504d1,fb7e0b495d6c58538f66641c07425447dd012c1c3e8b4da2b186f155474d3e76,8e93865654d02397dbe78989f789fffba0bd30b334c0d2596d012a5e23c90294
PMID-20071472,20071472,OTC-LIT-Q01-ACETAMINOPHEN,deprioritize,low,title_abstract,제목과 초록에서 아세트아민펜 관련 안전성 결과 미포함,parsed,P2-B0002,Qwen/Qwen2.5-3B-Instruct,aa8e72537993ba99e69dfaafa59ed015b17504d1,fb7e0b495d6c58538f66641c07425447dd012c1c3e8b4da2b186f155474d3e76,ee039f42cf06ac03e6d1e031fb063cbfab17fafcf298b0a18010d8ff21a9574e
PMID-20078683,20078683,OTC-LIT-Q01-ACETAMINOPHEN,deprioritize,low,title_abstract,제목과 초록으로 보아 관련성이 미약,parsed,P2-B0002,Qwen/Qwen2.5-3B-Instruct,aa8e72537993ba99e69dfaafa59ed015b17504d1,fb7e0b495d6c58538f66641c07425447dd012c1c3e8b4da2b186f155474d3e76,4876d8a08e4b75b299d5b0d7df5b5303076dd41ed8ee597db0b3c66e96053293
PMID-20078803,20078803,OTC-LIT-Q01-ACETAMINOPHEN,deprioritize,low,title_only,제목과 초록으로 보아 관련성이 불명확,parsed,P2-B0002,Qwen/Qwen2.5-3B-Instruct,aa8e72537993ba99e69dfaafa59ed015b17504d1,fb7e0b495d6c58538f66641c07425447dd012c1c3e8b4da2b186f155474d3e76,416ac494ab2ace479c0acfc2e3d1a28c58ed14d4b8f0ccdc81c8625afe929aea
PMID-20079996,20079996,OTC-LIT-Q01-ACETAMINOPHEN,deprioritize,low,title_abstract,제목과 초록에서 아세트아미노펜 관련 내용 없음,parsed,P2-B0002,Qwen/Qwen2.5-3B-Instruct,aa8e72537993ba99e69dfaafa59ed015b17504d1,fb7e0b495d6c58538f66641c07425447dd012c1c3e8b4da2b186f155474d3e76,2536e9b22f4250427157b58d6429a21b9f29452ecbe147a43bc76fed6c97b28c
PMID-20083393,20083393,OTC-LIT-Q03-COLD-ALLERGY,retain,high,title_abstract,클로르페니라민만의 진정 효과와 그 외의 영향 분리,parsed,P2-B0002,Qwen/Qwen2.5-3B-Instruct,aa8e72537993ba99e69dfaafa59ed015b17504d1,fb7e0b495d6c58538f66641c07425447dd012c1c3e8b4da2b186f155474d3e76,6ab05fdc860c33c35fdf8ee23f2e2d26beeba7c36390c3af8059ad806b82873a
PMID-20083726,20083726,OTC-LIT-Q03-COLD-ALLERGY,deprioritize,low,title_abstract,제목과 초록으로 보아 관련성이 낮음,parsed,P2-B0002,Qwen/Qwen2.5-3B-Instruct,aa8e72537993ba99e69dfaafa59ed015b17504d1,fb7e0b495d6c58538f66641c07425447dd012c1c3e8b4da2b186f155474d3e76,80605735464b7554d9642439b719195a3f9563ff3481ce730850069197bb52a2
PMID-20087854,20087854,OTC-LIT-Q03-COLD-ALLERGY,deprioritize,low,title_abstract,제목과 초록에서 관련성 미비,parsed,P2-B0002,Qwen/Qwen2.5-3B-Instruct,aa8e72537993ba99e69dfaafa59ed015b17504d1,fb7e0b495d6c58538f66641c07425447dd012c1c3e8b4da2b186f155474d3e76,837c9a5e80c23b1748bc03873f6b9a7e3cd60198f0590065a8f02504c6a7e9db
PMID-20089791,20089791,OTC-LIT-Q03-COLD-ALLERGY,deprioritize,low,title_abstract,제목과 초록으로 보아 관련성이 없음,parsed,P2-B0002,Qwen/Qwen2.5-3B-Instruct,aa8e72537993ba99e69dfaafa59ed015b17504d1,fb7e0b495d6c58538f66641c07425447dd012c1c3e8b4da2b186f155474d3e76,109bdbddfb605b4128cffb148eb9ada558edb3210cdd55a8cad7846095bddace
PMID-20095817,20095817,OTC-LIT-Q01-ACETAMINOPHEN,deprioritize,low,title_abstract,제목과 초록으로는 아세트아미노펜 관련 연구 결과를 찾을 수 없음,parsed,P2-B0002,Qwen/Qwen2.5-3B-Instruct,aa8e72537993ba99e69dfaafa59ed015b17504d1,fb7e0b495d6c58538f66641c07425447dd012c1c3e8b4da2b186f155474d3e76,b38e76315c639fd1245b18eb771e80c68d46948623429dcc579429e1f2dc6b33
PMID-20096021,20096021,OTC-LIT-Q03-COLD-ALLERGY,deprioritize,low,title_abstract,제목과 초록으로 보아 관련성 미확실,parsed,P2-B0002,Qwen/Qwen2.5-3B-Instruct,aa8e72537993ba99e69dfaafa59ed015b17504d1,fb7e0b495d6c58538f66641c07425447dd012c1c3e8b4da2b186f155474d3e76,73627fbf31a8913d0edf2c69d5b85430856e8441a509203c2d29a455295a4404
PMID-20112497,20112497,OTC-LIT-Q05-TOPICAL,deprioritize,low,title_abstract,제목과 초록으로 보아 관련성이 없음,parsed,P2-B0002,Qwen/Qwen2.5-3B-Instruct,aa8e72537993ba99e69dfaafa59ed015b17504d1,fb7e0b495d6c58538f66641c07425447dd012c1c3e8b4da2b186f155474d3e76,12e1d095458b8f523edaed283034648bbcf0f1a6e289d96d348c7e7a5e2babf1
PMID-20113860,20113860,OTC-LIT-Q05-TOPICAL,deprioritize,low,title_abstract,제목과 초록에서 외용성분 관련 정보 없음,parsed,P2-B0002,Qwen/Qwen2.5-3B-Instruct,aa8e72537993ba99e69dfaafa59ed015b17504d1,fb7e0b495d6c58538f66641c07425447dd012c1c3e8b4da2b186f155474d3e76,5f8dafbe03632803eb698eb24618ffe5d8c6bc7de9b4e4c19bb0a47cbe68889c
PMID-20119464,20119464,OTC-LIT-Q01-ACETAMINOPHEN,deprioritize,low,title_abstract,제목과 초록으로는 아세트아미노펜 관련 안전성 결과와 무관,parsed,P2-B0002,Qwen/Qwen2.5-3B-Instruct,aa8e72537993ba99e69dfaafa59ed015b17504d1,fb7e0b495d6c58538f66641c07425447dd012c1c3e8b4da2b186f155474d3e76,7583f30394da5dd2c7a8a7c1dbe80d65e556a709276b36e2083c0eb292eebb7e
PMID-20125186,20125186,OTC-LIT-Q03-COLD-ALLERGY,deprioritize,low,title_abstract,제목과 초록으로 감기·알레르기 복합성분의 관련성 미확실,parsed,P2-B0002,Qwen/Qwen2.5-3B-Instruct,aa8e72537993ba99e69dfaafa59ed015b17504d1,fb7e0b495d6c58538f66641c07425447dd012c1c3e8b4da2b186f155474d3e76,92854b19710521ef3cbb7e1bb3fdd13f7ab70958d8b8399c04928066329d2a8a
PMID-20142694,20142694,OTC-LIT-Q01-ACETAMINOPHEN,deprioritize,low,title_abstract,제목과 초록에서 아세트아미노펜 관련 안전성 결과에 대한 정보 부족,parsed,P2-B0003,Qwen/Qwen2.5-3B-Instruct,aa8e72537993ba99e69dfaafa59ed015b17504d1,fb7e0b495d6c58538f66641c07425447dd012c1c3e8b4da2b186f155474d3e76,42fefe29056f6f68e073b07cb9367be31f544983360b03e07ca89180f08a6c65
PMID-20144962,20144962,OTC-LIT-Q01-ACETAMINOPHEN,uncertain,medium,title_abstract,12단어 이하 근거,parsed,P2-B0003,Qwen/Qwen2.5-3B-Instruct,aa8e72537993ba99e69dfaafa59ed015b17504d1,fb7e0b495d6c58538f66641c07425447dd012c1c3e8b4da2b186f155474d3e76,d74ef709c8ef6ecef9e296077e4fdf592cafd473cdb3f1da3ca133a200b37f73
PMID-20147896,20147896,OTC-LIT-Q03-COLD-ALLERGY,deprioritize,low,title_abstract,제목과 초록으로 보아 관련성 미확실,parsed,P2-B0003,Qwen/Qwen2.5-3B-Instruct,aa8e72537993ba99e69dfaafa59ed015b17504d1,fb7e0b495d6c58538f66641c07425447dd012c1c3e8b4da2b186f155474d3e76,970a70e6ba6d807e8bdefc957afeb3a1dfe325d39e8173faff2e94fcc78f0114
PMID-20151787,20151787,OTC-LIT-Q03-COLD-ALLERGY,deprioritize,low,title_abstract,제목과 초록으로 감기·알레르기 복합성분의 진정·운전·혈,parsed,P2-B0003,Qwen/Qwen2.5-3B-Instruct,aa8e72537993ba99e69dfaafa59ed015b17504d1,fb7e0b495d6c58538f66641c07425447dd012c1c3e8b4da2b186f155474d3e76,fe65126cb37379d2775aef90c08e1370155f5dfbd3bccaf82d39167e31a8fa31
PMID-20166853,20166853,OTC-LIT-Q01-ACETAMINOPHEN,deprioritize,low,title_abstract,제목과 초록으로 PICOS 질문과 관련성이 미비,parsed,P2-B0003,Qwen/Qwen2.5-3B-Instruct,aa8e72537993ba99e69dfaafa59ed015b17504d1,fb7e0b495d6c58538f66641c07425447dd012c1c3e8b4da2b186f155474d3e76,ae5a0ccdbb57d4efddd9a6eb224422201b4e4683c13ba098d07e29b2443a3ab1
PMID-20171409,20171409,OTC-LIT-Q05-TOPICAL,deprioritize,low,title_abstract,제목과 초록으로 보아 관련성 미비,parsed,P2-B0003,Qwen/Qwen2.5-3B-Instruct,aa8e72537993ba99e69dfaafa59ed015b17504d1,fb7e0b495d6c58538f66641c07425447dd012c1c3e8b4da2b186f155474d3e76,82be36334b5f7e075f000f4a5793adcda9e37f306bedab5775bfe3cc9d3dcfe8
PMID-20178131,20178131,OTC-LIT-Q02-NSAID,deprioritize,low,title_abstract,제목과 초록으로는 PICOS 질문과 관련성이 불명확,parsed,P2-B0003,Qwen/Qwen2.5-3B-Instruct,aa8e72537993ba99e69dfaafa59ed015b17504d1,fb7e0b495d6c58538f66641c07425447dd012c1c3e8b4da2b186f155474d3e76,2d4a5e9ad60c52923a8c1fb2350f3fb0d04ef703c7430be5d626c51f39a9cf5a
PMID-20182036,20182036,OTC-LIT-Q03-COLD-ALLERGY,deprioritize,low,title_abstract,제목과 초록으로 감기·알레르기 복합성분의 진정·운전·혈,parsed,P2-B0003,Qwen/Qwen2.5-3B-Instruct,aa8e72537993ba99e69dfaafa59ed015b17504d1,fb7e0b495d6c58538f66641c07425447dd012c1c3e8b4da2b186f155474d3e76,25e5b2250370070d1d4ea32093e3452a872a9c93c9a2b2a86c0c1ec54a39b886
PMID-20182040,20182040,OTC-LIT-Q03-COLD-ALLERGY,deprioritize,low,title_abstract,제목과 초록으로 보아 관련성 미비,parsed,P2-B0003,Qwen/Qwen2.5-3B-Instruct,aa8e72537993ba99e69dfaafa59ed015b17504d1,fb7e0b495d6c58538f66641c07425447dd012c1c3e8b4da2b186f155474d3e76,8b1a120c9018e53f7c4ee70c4d6e7392bb99a3ab21719e96a245f290ec2e6537
PMID-20182054,20182054,OTC-LIT-Q03-COLD-ALLERGY,uncertain,low,title_abstract,제목과 초록으로는 특정 PICOS 질문과 관련성이 불명확,parsed,P2-B0003,Qwen/Qwen2.5-3B-Instruct,aa8e72537993ba99e69dfaafa59ed015b17504d1,fb7e0b495d6c58538f66641c07425447dd012c1c3e8b4da2b186f155474d3e76,188fd24c51f8480fecb89612a7947ff99e397c30472a4c9155d1efcd243d7557
PMID-20182058,20182058,OTC-LIT-Q03-COLD-ALLERGY,deprioritize,low,title_abstract,제목과 초록에서 관련성 미비,parsed,P2-B0003,Qwen/Qwen2.5-3B-Instruct,aa8e72537993ba99e69dfaafa59ed015b17504d1,fb7e0b495d6c58538f66641c07425447dd012c1c3e8b4da2b186f155474d3e76,bbed599fdbed3e7d09748cd9eeece3cff58d4defe2bf0c8658e22e11ab124fd9
PMID-20182423,20182423,OTC-LIT-Q01-ACETAMINOPHEN,uncertain,medium,title_abstract,제목과 초록으로는 명확한 관련성 확인难以,parsed,P2-B0003,Qwen/Qwen2.5-3B-Instruct,aa8e72537993ba99e69dfaafa59ed015b17504d1,fb7e0b495d6c58538f66641c07425447dd012c1c3e8b4da2b186f155474d3e76,23087daa496c0b16fdefc97306bf38e119b705e368e0f3f34d5d5d6de7a411b5
PMID-20195825,20195825,OTC-LIT-Q03-COLD-ALLERGY,deprioritize,low,title_abstract,제목과 초록으로 감기·알레르기 복합성분의 진정·운전·혈,parsed,P2-B0003,Qwen/Qwen2.5-3B-Instruct,aa8e72537993ba99e69dfaafa59ed015b17504d1,fb7e0b495d6c58538f66641c07425447dd012c1c3e8b4da2b186f155474d3e76,ade7affcdb5cace529d94ad6a56c80ecbcfeff6f0521198a3b4a3b18d49fb73a
PMID-20197596,20197596,OTC-LIT-Q01-ACETAMINOPHEN,deprioritize,low,title_abstract,제목과 초록으로는 PICOS 질문과 관련성이 낮다,parsed,P2-B0003,Qwen/Qwen2.5-3B-Instruct,aa8e72537993ba99e69dfaafa59ed015b17504d1,fb7e0b495d6c58538f66641c07425447dd012c1c3e8b4da2b186f155474d3e76,6fabcf486873d8597926e2544fd300ff11d6c006e51a35a066348dc0470f281c
PMID-20199128,20199128,OTC-LIT-Q01-ACETAMINOPHEN,deprioritize,low,title_abstract,제목과 초록으로 보아 관련성 미확실,parsed,P2-B0003,Qwen/Qwen2.5-3B-Instruct,aa8e72537993ba99e69dfaafa59ed015b17504d1,fb7e0b495d6c58538f66641c07425447dd012c1c3e8b4da2b186f155474d3e76,50d9674fdefa18df57a7fb230a7db984e5b1ac16e7a25fc48881c7db0b3ed912
PMID-20199132,20199132,OTC-LIT-Q01-ACETAMINOPHEN,deprioritize,low,title_abstract,제목과 초록에서 아세트아미노펜 관련성 확인难以,parsed,P2-B0003,Qwen/Qwen2.5-3B-Instruct,aa8e72537993ba99e69dfaafa59ed015b17504d1,fb7e0b495d6c58538f66641c07425447dd012c1c3e8b4da2b186f155474d3e76,05ab4b333fd8dbd8cf4f103e214d664a63f2e085de614a88295e6968da8ada15
PMID-20200975,20200975,OTC-LIT-Q03-COLD-ALLERGY,deprioritize,low,title_abstract,제목과 초록으로 보아 질문과 관련성이 없음,parsed,P2-B0003,Qwen/Qwen2.5-3B-Instruct,aa8e72537993ba99e69dfaafa59ed015b17504d1,fb7e0b495d6c58538f66641c07425447dd012c1c3e8b4da2b186f155474d3e76,ff44bff2e4b6e163b2c95c67c48fbd3607d7267e0c9913612657c175604ac0b3
PMID-20211600,20211600,OTC-LIT-Q02-NSAID,deprioritize,low,title_abstract,제목과 초록으로는 관련성이 없음,parsed,P2-B0003,Qwen/Qwen2.5-3B-Instruct,aa8e72537993ba99e69dfaafa59ed015b17504d1,fb7e0b495d6c58538f66641c07425447dd012c1c3e8b4da2b186f155474d3e76,9838a3a3c852f58dcc4b9c748329c9fef291832557e754ff9695e31b35c0138d
PMID-20213329,20213329,OTC-LIT-Q01-ACETAMINOPHEN,deprioritize,low,title_abstract,제목과 초록으로 보아 관련성 미확실,parsed,P2-B0003,Qwen/Qwen2.5-3B-Instruct,aa8e72537993ba99e69dfaafa59ed015b17504d1,fb7e0b495d6c58538f66641c07425447dd012c1c3e8b4da2b186f155474d3e76,7cdf47cdbd8e0238cc996b4a614188b62a9ade5f291e9bfb47375084fb6507ba
PMID-20219322,20219322,OTC-LIT-Q03-COLD-ALLERGY,deprioritize,low,title_abstract,제목과 초록으로 보아 질문과 관련성이 없음,parsed,P2-B0003,Qwen/Qwen2.5-3B-Instruct,aa8e72537993ba99e69dfaafa59ed015b17504d1,fb7e0b495d6c58538f66641c07425447dd012c1c3e8b4da2b186f155474d3e76,dfbb22b27bbcd0e6fe44247aa364ae67bfaf76121d7cbba6ce42f7af3e34c199
PMID-20219849,20219849,OTC-LIT-Q03-COLD-ALLERGY,deprioritize,low,title_abstract,제목과 초록으로 보아 관련성이 없음,parsed,P2-B0003,Qwen/Qwen2.5-3B-Instruct,aa8e72537993ba99e69dfaafa59ed015b17504d1,fb7e0b495d6c58538f66641c07425447dd012c1c3e8b4da2b186f155474d3e76,2b343fadcd67f3fd364300abc69f7b358729501512d92614d9635803a9115d4e
PMID-20223996,20223996,OTC-LIT-Q03-COLD-ALLERGY,deprioritize,low,title_abstract,제목과 초록으로 보아 관련성이 없음,parsed,P2-B0003,Qwen/Qwen2.5-3B-Instruct,aa8e72537993ba99e69dfaafa59ed015b17504d1,fb7e0b495d6c58538f66641c07425447dd012c1c3e8b4da2b186f155474d3e76,a97a1c6e18866e1eb6804ee8c150c71e6c071c550380222a4b7e22c983b13932
PMID-20298551,20298551,OTC-LIT-Q01-ACETAMINOPHEN,deprioritize,low,title_abstract,제목과 초록으로 보아 관련성 미확실,parsed,P2-B0003,Qwen/Qwen2.5-3B-Instruct,aa8e72537993ba99e69dfaafa59ed015b17504d1,fb7e0b495d6c58538f66641c07425447dd012c1c3e8b4da2b186f155474d3e76,c3114a97bb2a85bcf3a008bbd5b78e060e3e96fae1273325e422e88d46094957
PMID-20299606,20299606,OTC-LIT-Q03-COLD-ALLERGY,deprioritize,low,title_abstract,제목과 초록으로 보아 관련성이 불명확,parsed,P2-B0003,Qwen/Qwen2.5-3B-Instruct,aa8e72537993ba99e69dfaafa59ed015b17504d1,fb7e0b495d6c58538f66641c07425447dd012c1c3e8b4da2b186f155474d3e76,7a453aed007424edd309e08e9cad3c119a529857391f864a008c67c0ff918da9
PMID-20304207,20304207,OTC-LIT-Q01-ACETAMINOPHEN,deprioritize,low,title_abstract,제목과 초록으로는 아세트아미노펜 관련 연구 내용이 명확히 언급되지 않음,parsed,P2-B0003,Qwen/Qwen2.5-3B-Instruct,aa8e72537993ba99e69dfaafa59ed015b17504d1,fb7e0b495d6c58538f66641c07425447dd012c1c3e8b4da2b186f155474d3e76,0bc3398a9cf6cfd6b16b41fdb31cb08e9cb97e13e6ff0b17f832aced036ef89c
PMID-20304507,20304507,OTC-LIT-Q05-TOPICAL,deprioritize,low,title_abstract,제목과 초록으로 보아 질문과 관련성이 없음,parsed,P2-B0003,Qwen/Qwen2.5-3B-Instruct,aa8e72537993ba99e69dfaafa59ed015b17504d1,fb7e0b495d6c58538f66641c07425447dd012c1c3e8b4da2b186f155474d3e76,7b5ed4f84a1656fe920989ab5f744b448ccfb2dd237ec855fac517c8ea14f0e0
PMID-20304708,20304708,OTC-LIT-Q03-COLD-ALLERGY,deprioritize,low,title_abstract,제목과 초록으로는 PICOS 질문과 관련성이 미비,parsed,P2-B0003,Qwen/Qwen2.5-3B-Instruct,aa8e72537993ba99e69dfaafa59ed015b17504d1,fb7e0b495d6c58538f66641c07425447dd012c1c3e8b4da2b186f155474d3e76,d76b2fd5c664cfc0bd00f23ac7dac57a68ef12cc5e8bfb57e01660b4b900b680
PMID-20305573,20305573,OTC-LIT-Q01-ACETAMINOPHEN,deprioritize,low,title_abstract,제목과 초록에서 아세트아미노펜 용량과 관련된 결과를 찾을 수 없다.,parsed,P2-B0003,Qwen/Qwen2.5-3B-Instruct,aa8e72537993ba99e69dfaafa59ed015b17504d1,fb7e0b495d6c58538f66641c07425447dd012c1c3e8b4da2b186f155474d3e76,040106f41cb15e16f2960f2ec2c8c1803015d84805e84524363c6c4879280ae8
PMID-20307027,20307027,OTC-LIT-Q03-COLD-ALLERGY,deprioritize,low,title_abstract,제목과 초록으로 보아 관련성이 없음,parsed,P2-B0003,Qwen/Qwen2.5-3B-Instruct,aa8e72537993ba99e69dfaafa59ed015b17504d1,fb7e0b495d6c58538f66641c07425447dd012c1c3e8b4da2b186f155474d3e76,d5ac56adac15573dfde23999a969649bced9e8e1c09fc0819784091bb5c315b6
PMID-20308717,20308717,OTC-LIT-Q01-ACETAMINOPHEN,deprioritize,low,title_abstract,제목과 초록에서 아세트아미노펜 관련 안전성 결과 미포함,parsed,P2-B0003,Qwen/Qwen2.5-3B-Instruct,aa8e72537993ba99e69dfaafa59ed015b17504d1,fb7e0b495d6c58538f66641c07425447dd012c1c3e8b4da2b186f155474d3e76,daad33670608a7f2709e922b7e768476027bcf3d409a53dd2bc786683b2652d2
PMID-20332013,20332013,OTC-LIT-Q05-TOPICAL,deprioritize,low,title_abstract,제목과 초록으로는 관련성 미확정,parsed,P2-B0003,Qwen/Qwen2.5-3B-Instruct,aa8e72537993ba99e69dfaafa59ed015b17504d1,fb7e0b495d6c58538f66641c07425447dd012c1c3e8b4da2b186f155474d3e76,059135599c6fe9cc99b860a1850c7a34f86cdcb096b05d1e217fa528d4ebf119
PMID-20332167,20332167,OTC-LIT-Q01-ACETAMINOPHEN,retain,high,title_abstract,acetaminophen 간 손상 치료 효과,parsed,P2-B0003,Qwen/Qwen2.5-3B-Instruct,aa8e72537993ba99e69dfaafa59ed015b17504d1,fb7e0b495d6c58538f66641c07425447dd012c1c3e8b4da2b186f155474d3e76,08dd021d6bb7d324f757313c4ba752914764b4447db6c3d5cef62e51ab07d565
PMID-20332340,20332340,OTC-LIT-Q01-ACETAMINOPHEN,deprioritize,low,title_abstract,제목과 초록으로 관련성 미비,parsed,P2-B0003,Qwen/Qwen2.5-3B-Instruct,aa8e72537993ba99e69dfaafa59ed015b17504d1,fb7e0b495d6c58538f66641c07425447dd012c1c3e8b4da2b186f155474d3e76,b5e1d57a75e20b2407119dc4278693a839e82fe76c6778a79d7d3ee4dac32546
PMID-20333776,20333776,OTC-LIT-Q01-ACETAMINOPHEN,uncertain,medium,title_abstract,12단어 이하 근거,parsed,P2-B0003,Qwen/Qwen2.5-3B-Instruct,aa8e72537993ba99e69dfaafa59ed015b17504d1,fb7e0b495d6c58538f66641c07425447dd012c1c3e8b4da2b186f155474d3e76,f6f943efc3401522ae36c47bda7301e559c48fa4d0650c110465863372f36c1f
PMID-20348049,20348049,OTC-LIT-Q01-ACETAMINOPHEN,deprioritize,low,title_abstract,제목과 초록으로 보아 관련성 미확실,parsed,P2-B0003,Qwen/Qwen2.5-3B-Instruct,aa8e72537993ba99e69dfaafa59ed015b17504d1,fb7e0b495d6c58538f66641c07425447dd012c1c3e8b4da2b186f155474d3e76,ce25bf0ac1a1166d46505023626a216926cad7f79651a0aea99bb166ed495583
PMID-20350474,20350474,OTC-LIT-Q01-ACETAMINOPHEN,deprioritize,low,title_only,초록 없음,parsed,P2-B0003,Qwen/Qwen2.5-3B-Instruct,aa8e72537993ba99e69dfaafa59ed015b17504d1,fb7e0b495d6c58538f66641c07425447dd012c1c3e8b4da2b186f155474d3e76,946f1196d0bc596c55dc889e68122d2744a16e280d79d099489fbf4c0318ce7a
PMID-20350475,20350475,OTC-LIT-Q01-ACETAMINOPHEN,deprioritize,low,title_abstract,제목과 초록에서 아세트아미노펜 관련성 확인难以,parsed,P2-B0003,Qwen/Qwen2.5-3B-Instruct,aa8e72537993ba99e69dfaafa59ed015b17504d1,fb7e0b495d6c58538f66641c07425447dd012c1c3e8b4da2b186f155474d3e76,9b72c92a6532e696f1c0e08adaff7ec50bef70fd1b4525e54f0e751c660ddf6d
PMID-20354060,20354060,OTC-LIT-Q01-ACETAMINOPHEN,deprioritize,low,title_abstract,제목과 초록으로 PICOS 질문과 관련성이 낮음,parsed,P2-B0003,Qwen/Qwen2.5-3B-Instruct,aa8e72537993ba99e69dfaafa59ed015b17504d1,fb7e0b495d6c58538f66641c07425447dd012c1c3e8b4da2b186f155474d3e76,d302bafe84dde6b470a26b741d2f9a3bfccd981d956b36eb76bcc912ce8d7892
PMID-20357489,20357489,OTC-LIT-Q04-DIGESTIVE,uncertain,medium,title_abstract,12단어 이하 근거,parsed,P2-B0003,Qwen/Qwen2.5-3B-Instruct,aa8e72537993ba99e69dfaafa59ed015b17504d1,fb7e0b495d6c58538f66641c07425447dd012c1c3e8b4da2b186f155474d3e76,56803e443073396fc31294e7f02e92b7252d67c58f85df2d30ff7ee7c9ac0671
PMID-20361362,20361362,OTC-LIT-Q01-ACETAMINOPHEN,deprioritize,low,title_abstract,제목과 초록으로는 아세트아미노펜 관련 안전성 결과와 명확히 무관,parsed,P2-B0003,Qwen/Qwen2.5-3B-Instruct,aa8e72537993ba99e69dfaafa59ed015b17504d1,fb7e0b495d6c58538f66641c07425447dd012c1c3e8b4da2b186f155474d3e76,d9f87f00b8555a339f5d174736e5b6803d9951273ab3bd5d6b2641bc827cf34a
PMID-20361843,20361843,OTC-LIT-Q02-NSAID,deprioritize,low,title_abstract,제목과 초록으로는 중복 노출과 위장관 출혈 결과와 명확히 무관,parsed,P2-B0003,Qwen/Qwen2.5-3B-Instruct,aa8e72537993ba99e69dfaafa59ed015b17504d1,fb7e0b495d6c58538f66641c07425447dd012c1c3e8b4da2b186f155474d3e76,8bfc2e2983829a5008a92a3d11a0bb1ad9b54527113f2e49a7a5c5869fe6c58b
PMID-20363371,20363371,OTC-LIT-Q01-ACETAMINOPHEN,uncertain,medium,title_abstract,12단어 이하 근거,parsed,P2-B0003,Qwen/Qwen2.5-3B-Instruct,aa8e72537993ba99e69dfaafa59ed015b17504d1,fb7e0b495d6c58538f66641c07425447dd012c1c3e8b4da2b186f155474d3e76,f43936ca97c7e060a1fc5a9c85172bdf6146065c19a5e358aa696343153c0a7d
PMID-20374238,20374238,OTC-LIT-Q01-ACETAMINOPHEN,deprioritize,low,title_abstract,제목과 초록으로 보아 질문과 관련성이 낮음,parsed,P2-B0003,Qwen/Qwen2.5-3B-Instruct,aa8e72537993ba99e69dfaafa59ed015b17504d1,fb7e0b495d6c58538f66641c07425447dd012c1c3e8b4da2b186f155474d3e76,01901b40f6d6f21c20242e6a36e520bfd01ad67916ec87313f1d2da1ce66792e
PMID-20390303,20390303,OTC-LIT-Q02-NSAID,deprioritize,low,title_abstract,제목과 초록으로는 중복과 주요 위해와 관련성이 없음,parsed,P2-B0003,Qwen/Qwen2.5-3B-Instruct,aa8e72537993ba99e69dfaafa59ed015b17504d1,fb7e0b495d6c58538f66641c07425447dd012c1c3e8b4da2b186f155474d3e76,3ca09509af6d1d693b0ff6ef7d249ea408fca6fbcbfe29a8677504b3b8abe475
PMID-20392834,20392834,OTC-LIT-Q03-COLD-ALLERGY,deprioritize,low,title_abstract,제목과 초록으로 보아 관련성이 없음,parsed,P2-B0003,Qwen/Qwen2.5-3B-Instruct,aa8e72537993ba99e69dfaafa59ed015b17504d1,fb7e0b495d6c58538f66641c07425447dd012c1c3e8b4da2b186f155474d3e76,4843a483f6a1c719f342e0f03688d218769d2b859248e94ece1aef9cebfd015d
PMID-20393936,20393936,OTC-LIT-Q02-NSAID,deprioritize,low,title_abstract,제목과 초록으로는 PICOS 질문과 관련성이 없음,parsed,P2-B0003,Qwen/Qwen2.5-3B-Instruct,aa8e72537993ba99e69dfaafa59ed015b17504d1,fb7e0b495d6c58538f66641c07425447dd012c1c3e8b4da2b186f155474d3e76,264565019fd12ef377d312e154217e326f3ffe2e8f5597bb4933295d24fb5722
PMID-20399988,20399988,OTC-LIT-Q02-NSAID,deprioritize,low,title_abstract,제목과 초록으로 PICOS 질문과 관련성이 낮음,parsed,P2-B0003,Qwen/Qwen2.5-3B-Instruct,aa8e72537993ba99e69dfaafa59ed015b17504d1,fb7e0b495d6c58538f66641c07425447dd012c1c3e8b4da2b186f155474d3e76,81c5806130e8433ddc27f91c6ceb33f055a99f9bf6159858728a1c1c6abaad6f
PMID-20400005,20400005,OTC-LIT-Q03-COLD-ALLERGY,deprioritize,low,title_abstract,제목과 초록으로 보아 관련성이 불명확,parsed,P2-B0003,Qwen/Qwen2.5-3B-Instruct,aa8e72537993ba99e69dfaafa59ed015b17504d1,fb7e0b495d6c58538f66641c07425447dd012c1c3e8b4da2b186f155474d3e76,f0a2e4a64a7118262efb85d394a120cdc8de70470f23278bedeb402e007d2f8a
PMID-20400112,20400112,OTC-LIT-Q01-ACETAMINOPHEN,deprioritize,low,title_abstract,제목과 초록으로는 관련성 미확실,parsed,P2-B0003,Qwen/Qwen2.5-3B-Instruct,aa8e72537993ba99e69dfaafa59ed015b17504d1,fb7e0b495d6c58538f66641c07425447dd012c1c3e8b4da2b186f155474d3e76,629a0dd0bcb7408d4c72c577191e2c127a00b7169a5721869d94bbe0320d90e0
PMID-20400494,20400494,OTC-LIT-Q03-COLD-ALLERGY,deprioritize,low,title_abstract,클로르페니라민 등 항히스타민제와의 상호작용에 대한 연구 미포함,parsed,P2-B0003,Qwen/Qwen2.5-3B-Instruct,aa8e72537993ba99e69dfaafa59ed015b17504d1,fb7e0b495d6c58538f66641c07425447dd012c1c3e8b4da2b186f155474d3e76,dd306c2d0de3cee958c225c85913e5fd73eb9da54234b16317f0a1b30166f4f9
PMID-20408947,20408947,OTC-LIT-Q01-ACETAMINOPHEN,deprioritize,low,title_abstract,제목과 초록에서 아세트아미노펜 관련성 미표시,parsed,P2-B0003,Qwen/Qwen2.5-3B-Instruct,aa8e72537993ba99e69dfaafa59ed015b17504d1,fb7e0b495d6c58538f66641c07425447dd012c1c3e8b4da2b186f155474d3e76,8f14861ffafbb09d10763425bcd068f9761f57227e5f51be1b3075013c0a0dc8
PMID-20412003,20412003,OTC-LIT-Q01-ACETAMINOPHEN,retain,high,title_abstract,세정산-소다민 독성 관련 연구,parsed,P2-B0003,Qwen/Qwen2.5-3B-Instruct,aa8e72537993ba99e69dfaafa59ed015b17504d1,fb7e0b495d6c58538f66641c07425447dd012c1c3e8b4da2b186f155474d3e76,ac05fb2ed9e1106e514f233d44a7fb00be17f033c4a4d98846d55f82fb09bb5b
PMID-20422417,20422417,OTC-LIT-Q02-NSAID,deprioritize,low,title_abstract,제목과 초록에서 관련성 확인 불가,parsed,P2-B0003,Qwen/Qwen2.5-3B-Instruct,aa8e72537993ba99e69dfaafa59ed015b17504d1,fb7e0b495d6c58538f66641c07425447dd012c1c3e8b4da2b186f155474d3e76,83af3cb647fd0ae0d138340fc765f11df1b75c8a5c55df70fa1368416f932f43
PMID-20428599,20428599,OTC-LIT-Q01-ACETAMINOPHEN,deprioritize,low,title_abstract,제목과 초록으로 보아 관련성이 없음,parsed,P2-B0003,Qwen/Qwen2.5-3B-Instruct,aa8e72537993ba99e69dfaafa59ed015b17504d1,fb7e0b495d6c58538f66641c07425447dd012c1c3e8b4da2b186f155474d3e76,9340165c7bb6dd106c6042f48c68a85d0bcf6c0fd2855e6694f954af13e13930
PMID-20429831,20429831,OTC-LIT-Q02-NSAID,deprioritize,low,title_abstract,제목과 초록으로는 중복 노출과 관련성 확인에 대한 정보 제공 미흡,parsed,P2-B0003,Qwen/Qwen2.5-3B-Instruct,aa8e72537993ba99e69dfaafa59ed015b17504d1,fb7e0b495d6c58538f66641c07425447dd012c1c3e8b4da2b186f155474d3e76,9f557efc3a1d804c31be5c1b08da57d31983a198b15315fb523f73effbfa0ebe
PMID-20430116,20430116,OTC-LIT-Q01-ACETAMINOPHEN,deprioritize,low,title_abstract,제목과 초록에서 아세트아미노펜 관련 내용 미포함,parsed,P2-B0003,Qwen/Qwen2.5-3B-Instruct,aa8e72537993ba99e69dfaafa59ed015b17504d1,fb7e0b495d6c58538f66641c07425447dd012c1c3e8b4da2b186f155474d3e76,290446f8743c15e9dc8da126b580b12d465717ca84086e314bf7b35408911eef
PMID-20441244,20441244,OTC-LIT-Q04-DIGESTIVE,deprioritize,low,title_abstract,제목과 초록으로 보아 관련성 미확실,parsed,P2-B0003,Qwen/Qwen2.5-3B-Instruct,aa8e72537993ba99e69dfaafa59ed015b17504d1,fb7e0b495d6c58538f66641c07425447dd012c1c3e8b4da2b186f155474d3e76,3c9e491067cb614b07da03d40d5009fb308fb1cfe6fa7df543397b70242a4501
PMID-20444470,20444470,OTC-LIT-Q01-ACETAMINOPHEN,deprioritize,low,title_abstract,제목과 초록으로는 관련성 미확실,parsed,P2-B0003,Qwen/Qwen2.5-3B-Instruct,aa8e72537993ba99e69dfaafa59ed015b17504d1,fb7e0b495d6c58538f66641c07425447dd012c1c3e8b4da2b186f155474d3e76,47d2357e85f5a87ed6523a5278327a19fe8ceeb315b1d5d8c91351f704fbf2a9
PMID-20446076,20446076,OTC-LIT-Q01-ACETAMINOPHEN,deprioritize,low,title_abstract,제목과 초록으로 보아 관련성 미확실,parsed,P2-B0003,Qwen/Qwen2.5-3B-Instruct,aa8e72537993ba99e69dfaafa59ed015b17504d1,fb7e0b495d6c58538f66641c07425447dd012c1c3e8b4da2b186f155474d3e76,6cf7531113e1a043d089cae523fbe629de7b0a9bb391ad82340255ee4c64b8f4
PMID-20446543,20446543,OTC-LIT-Q01-ACETAMINOPHEN,deprioritize,low,title_only,초록 없음,parsed,P2-B0003,Qwen/Qwen2.5-3B-Instruct,aa8e72537993ba99e69dfaafa59ed015b17504d1,fb7e0b495d6c58538f66641c07425447dd012c1c3e8b4da2b186f155474d3e76,2820e051b65588b6dd949b9ea11bc6b1944521d287708776470877415292e2c5
PMID-20447306,20447306,OTC-LIT-Q01-ACETAMINOPHEN,deprioritize,low,title_abstract,제목과 초록에서 아세트아미노펜 관련성 확인难以,parsed,P2-B0003,Qwen/Qwen2.5-3B-Instruct,aa8e72537993ba99e69dfaafa59ed015b17504d1,fb7e0b495d6c58538f66641c07425447dd012c1c3e8b4da2b186f155474d3e76,b9715bae3b45997b841652c95312c1f56f076fd0571f45d4a28d786485e46ab7
PMID-20453396,20453396,OTC-LIT-Q03-COLD-ALLERGY,deprioritize,low,title_abstract,제목과 초록으로 보아 관련성이 없음,parsed,P2-B0003,Qwen/Qwen2.5-3B-Instruct,aa8e72537993ba99e69dfaafa59ed015b17504d1,fb7e0b495d6c58538f66641c07425447dd012c1c3e8b4da2b186f155474d3e76,ff88b58dedd3b02715cf12250cca8294ca88445676d6040aba3c502e2e2d4cb7
PMID-20455039,20455039,OTC-LIT-Q02-NSAID,deprioritize,low,title_abstract,제목과 초록으로 보아 관련성이 없음,parsed,P2-B0003,Qwen/Qwen2.5-3B-Instruct,aa8e72537993ba99e69dfaafa59ed015b17504d1,fb7e0b495d6c58538f66641c07425447dd012c1c3e8b4da2b186f155474d3e76,1cbc25f266aaaea5a233b342b54d1c01b5904b01796f5c0e3a2e3b53c7d53ac8
PMID-20456191,20456191,OTC-LIT-Q05-TOPICAL,deprioritize,low,title_abstract,제목과 초록으로는 외용성분 관련 연구而非 위험성 관련 연구,parsed,P2-B0003,Qwen/Qwen2.5-3B-Instruct,aa8e72537993ba99e69dfaafa59ed015b17504d1,fb7e0b495d6c58538f66641c07425447dd012c1c3e8b4da2b186f155474d3e76,95fe72030fa0bf183bfd72156a757ede248b028c3d7a60eb6f78e0b7b57faad7
PMID-20456332,20456332,OTC-LIT-Q01-ACETAMINOPHEN,deprioritize,low,title_abstract,제목과 초록으로 보아 질문과 관련성이 낮다,parsed,P2-B0003,Qwen/Qwen2.5-3B-Instruct,aa8e72537993ba99e69dfaafa59ed015b17504d1,fb7e0b495d6c58538f66641c07425447dd012c1c3e8b4da2b186f155474d3e76,abee8906801d3937aa3ccb4a5cabf6f4bd1b0149758afb9f5170ea71a93c308d
PMID-20456902,20456902,OTC-LIT-Q01-ACETAMINOPHEN,deprioritize,low,title_abstract,제목과 초록으로 보아 질문과 관련성이 낮음,parsed,P2-B0003,Qwen/Qwen2.5-3B-Instruct,aa8e72537993ba99e69dfaafa59ed015b17504d1,fb7e0b495d6c58538f66641c07425447dd012c1c3e8b4da2b186f155474d3e76,f12b54d7fbb05d511d5d0c7a632d453b7cb8d19d074f4bd38a602272070563f7
PMID-20461307,20461307,OTC-LIT-Q03-COLD-ALLERGY,deprioritize,low,title_abstract,제목과 초록으로 보아 관련성이 없음,parsed,P2-B0003,Qwen/Qwen2.5-3B-Instruct,aa8e72537993ba99e69dfaafa59ed015b17504d1,fb7e0b495d6c58538f66641c07425447dd012c1c3e8b4da2b186f155474d3e76,2cea18cdf74b7e8204c6b8f52d25072f0693707ef898f01ce84094c14b53ecf3
PMID-20463060,20463060,OTC-LIT-Q03-COLD-ALLERGY,deprioritize,low,title_abstract,제목과 초록으로 보아 관련성이 없음,parsed,P2-B0003,Qwen/Qwen2.5-3B-Instruct,aa8e72537993ba99e69dfaafa59ed015b17504d1,fb7e0b495d6c58538f66641c07425447dd012c1c3e8b4da2b186f155474d3e76,3d6c1fd62904d9381176c90310a6bc693eede12b950db3466eb287ee6c0d2c88
PMID-20463935,20463935,OTC-LIT-Q01-ACETAMINOPHEN,deprioritize,low,title_abstract,제목과 초록에서 아세트아미노펜 관련성 미확실,parsed,P2-B0003,Qwen/Qwen2.5-3B-Instruct,aa8e72537993ba99e69dfaafa59ed015b17504d1,fb7e0b495d6c58538f66641c07425447dd012c1c3e8b4da2b186f155474d3e76,1bdb1baef51431a9e4200532cac1be3e67f7657c0cf8a9c3bc341261c277ce20
PMID-20465405,20465405,OTC-LIT-Q01-ACETAMINOPHEN,deprioritize,low,title_abstract,제목과 초록에서 아세트아미노펜 관련 안전성 결과 없음,parsed,P2-B0003,Qwen/Qwen2.5-3B-Instruct,aa8e72537993ba99e69dfaafa59ed015b17504d1,fb7e0b495d6c58538f66641c07425447dd012c1c3e8b4da2b186f155474d3e76,d22f11b46b6c7f9da9035e90f2093a3a21ed963da63d7831b46de8d153fe35ed
PMID-20473658,20473658,OTC-LIT-Q02-NSAID,deprioritize,low,title_abstract,제목과 초록으로는 중복 및 주요 위해와 관련성이 불명확,parsed,P2-B0003,Qwen/Qwen2.5-3B-Instruct,aa8e72537993ba99e69dfaafa59ed015b17504d1,fb7e0b495d6c58538f66641c07425447dd012c1c3e8b4da2b186f155474d3e76,2a5932876ba1e71d53e03e56264b221dae98415265989d7fda85c5446fd8dbd7
PMID-20480793,20480793,OTC-LIT-Q03-COLD-ALLERGY,deprioritize,low,title_abstract,제목과 초록에서 감기·알레르기 복합성분과 운전·혈압·병,parsed,P2-B0003,Qwen/Qwen2.5-3B-Instruct,aa8e72537993ba99e69dfaafa59ed015b17504d1,fb7e0b495d6c58538f66641c07425447dd012c1c3e8b4da2b186f155474d3e76,17790ff3508580e7c9a1fcbbbf403b0445a53ac95a64facc69f95a9878561f14
PMID-20488454,20488454,OTC-LIT-Q03-COLD-ALLERGY,deprioritize,low,title_abstract,제목과 초록으로 감기·알레르기 복합성분의 진정·운전·혈,parsed,P2-B0003,Qwen/Qwen2.5-3B-Instruct,aa8e72537993ba99e69dfaafa59ed015b17504d1,fb7e0b495d6c58538f66641c07425447dd012c1c3e8b4da2b186f155474d3e76,a892d24244aa89e3d6011eda878795fe4b3f6d901bf45e27aabf2707f0c7c8de
PMID-20491047,20491047,OTC-LIT-Q03-COLD-ALLERGY,deprioritize,low,title_abstract,제목과 초록으로 보아 관련성 미확실,parsed,P2-B0003,Qwen/Qwen2.5-3B-Instruct,aa8e72537993ba99e69dfaafa59ed015b17504d1,fb7e0b495d6c58538f66641c07425447dd012c1c3e8b4da2b186f155474d3e76,409825889e7cc12718da43712fe2988af13db8920e1c7c6aec9013f586e381bd
PMID-20491750,20491750,OTC-LIT-Q01-ACETAMINOPHEN,retain,high,title_abstract,세부적인 아세트아미노펜 알코올 중독 관련 연구,parsed,P2-B0003,Qwen/Qwen2.5-3B-Instruct,aa8e72537993ba99e69dfaafa59ed015b17504d1,fb7e0b495d6c58538f66641c07425447dd012c1c3e8b4da2b186f155474d3e76,0fd19e323ddfd8ef7e6b1a78bcf8f3675323453130b7cb280609138ae8b10e7a
PMID-20495139,20495139,OTC-LIT-Q03-COLD-ALLERGY,deprioritize,low,title_abstract,제목과 초록으로 보아 관련성이 없음,parsed,P2-B0003,Qwen/Qwen2.5-3B-Instruct,aa8e72537993ba99e69dfaafa59ed015b17504d1,fb7e0b495d6c58538f66641c07425447dd012c1c3e8b4da2b186f155474d3e76,65ed10967bf65dd60c5e268e119acb32af88a043efb3f1b09f5297bdfae96b76
PMID-20497139,20497139,OTC-LIT-Q02-NSAID,retain,high,title_abstract,중복 NSAID 사용과 위장관 출혈 위험,parsed,P2-B0003,Qwen/Qwen2.5-3B-Instruct,aa8e72537993ba99e69dfaafa59ed015b17504d1,fb7e0b495d6c58538f66641c07425447dd012c1c3e8b4da2b186f155474d3e76,b2401018e3ceda9ebc8047844280be827a40cd60150b7d7bf39ac21214c9d0f5
PMID-20504263,20504263,OTC-LIT-Q02-NSAID,deprioritize,low,title_abstract,제목과 초록으로 보아 질문과 관련성이 낮음,parsed,P2-B0003,Qwen/Qwen2.5-3B-Instruct,aa8e72537993ba99e69dfaafa59ed015b17504d1,fb7e0b495d6c58538f66641c07425447dd012c1c3e8b4da2b186f155474d3e76,afe3c54bfbb63a88b28bd9b4a148502c1e933c3dd2550f1311e5654b9ba0dd1f
PMID-20507245,20507245,OTC-LIT-Q01-ACETAMINOPHEN,deprioritize,low,title_abstract,제목과 초록에서 아세트아미노펜 관련 내용 없음,parsed,P2-B0003,Qwen/Qwen2.5-3B-Instruct,aa8e72537993ba99e69dfaafa59ed015b17504d1,fb7e0b495d6c58538f66641c07425447dd012c1c3e8b4da2b186f155474d3e76,24fd0ce89832e9ef9f5be39371358491255e06a78d66a03b3b2681b8b3da70ff
PMID-20513219,20513219,OTC-LIT-Q02-NSAID,retain,high,title_abstract,중복 사용 위험성 확인,parsed,P2-B0003,Qwen/Qwen2.5-3B-Instruct,aa8e72537993ba99e69dfaafa59ed015b17504d1,fb7e0b495d6c58538f66641c07425447dd012c1c3e8b4da2b186f155474d3e76,04e6ea3959144bbc28e0aac1c81ed7f3e4f8496056b002d80014042f77ad0dc3
PMID-20524832,20524832,OTC-LIT-Q01-ACETAMINOPHEN,deprioritize,low,title_abstract,제목과 초록에서 아세트아미노펜 관련 안전성 결과에 대한 정보 부족,parsed,P2-B0003,Qwen/Qwen2.5-3B-Instruct,aa8e72537993ba99e69dfaafa59ed015b17504d1,fb7e0b495d6c58538f66641c07425447dd012c1c3e8b4da2b186f155474d3e76,9e796a4cd5ef71abf589eded7b69b98148f422d0757142f9824028fd11e1ef95
PMID-20528640,20528640,OTC-LIT-Q03-COLD-ALLERGY,deprioritize,low,title_abstract,제목과 초록으로 보아 관련성이 불명확,parsed,P2-B0003,Qwen/Qwen2.5-3B-Instruct,aa8e72537993ba99e69dfaafa59ed015b17504d1,fb7e0b495d6c58538f66641c07425447dd012c1c3e8b4da2b186f155474d3e76,35b06aa2273cfe1ebcbb2f165d1b3483a1125da98766760f1a8646c7e791e25b
PMID-20530132,20530132,OTC-LIT-Q01-ACETAMINOPHEN,deprioritize,low,title_abstract,제목과 초록으로는 아세트아미노펜 관련 안전성 결과와 무관,parsed,P2-B0003,Qwen/Qwen2.5-3B-Instruct,aa8e72537993ba99e69dfaafa59ed015b17504d1,fb7e0b495d6c58538f66641c07425447dd012c1c3e8b4da2b186f155474d3e76,42047cbdd7deac819f808ef03edb149ba99b64d59d6eb1525e2d6f583658f50f
PMID-20532872,20532872,OTC-LIT-Q03-COLD-ALLERGY,deprioritize,low,title_abstract,제목과 초록으로 감기·알레르기 복합성분의 진정·운전·혈,parsed,P2-B0003,Qwen/Qwen2.5-3B-Instruct,aa8e72537993ba99e69dfaafa59ed015b17504d1,fb7e0b495d6c58538f66641c07425447dd012c1c3e8b4da2b186f155474d3e76,1fe5da558ce638c924223793750de521b139f67336d1835af421195dc33a7b07
PMID-20535011,20535011,OTC-LIT-Q01-ACETAMINOPHEN,deprioritize,low,title_abstract,제목과 초록에서 아세트아미노펜 관련 내용 없음,parsed,P2-B0003,Qwen/Qwen2.5-3B-Instruct,aa8e72537993ba99e69dfaafa59ed015b17504d1,fb7e0b495d6c58538f66641c07425447dd012c1c3e8b4da2b186f155474d3e76,95cd9a931cd71ec1828131a86242a3e48f78cfa2b62f2f89cab0b948a38738e1
PMID-20538000,20538000,OTC-LIT-Q01-ACETAMINOPHEN,uncertain,medium,title_abstract,12단어 이하 근거,parsed,P2-B0003,Qwen/Qwen2.5-3B-Instruct,aa8e72537993ba99e69dfaafa59ed015b17504d1,fb7e0b495d6c58538f66641c07425447dd012c1c3e8b4da2b186f155474d3e76,72d5d7a481b732be1373e18d8f783f1e98806c0f5c86c3376eefea9459530924
PMID-20539104,20539104,OTC-LIT-Q02-NSAID,deprioritize,low,title_abstract,제목과 초록으로 보아 질문과 무관하다,parsed,P2-B0003,Qwen/Qwen2.5-3B-Instruct,aa8e72537993ba99e69dfaafa59ed015b17504d1,fb7e0b495d6c58538f66641c07425447dd012c1c3e8b4da2b186f155474d3e76,4672b52f5e5a57c78ee5feda800eee47a9217b18c47e87d93b8e265d110b6d0d
PMID-20540482,20540482,OTC-LIT-Q03-COLD-ALLERGY,deprioritize,low,title_abstract,제목과 초록으로 보아 관련성 미확실,parsed,P2-B0003,Qwen/Qwen2.5-3B-Instruct,aa8e72537993ba99e69dfaafa59ed015b17504d1,fb7e0b495d6c58538f66641c07425447dd012c1c3e8b4da2b186f155474d3e76,e051c1e5b426f8505e76d7f72acf46730bd6722644b3eea57d6c91efa7764c9a
PMID-20540834,20540834,OTC-LIT-Q03-COLD-ALLERGY,deprioritize,low,title_abstract,클로르페니라민 등 항히스타민제 등 복합 노출 관련 논문 미포함,parsed,P2-B0003,Qwen/Qwen2.5-3B-Instruct,aa8e72537993ba99e69dfaafa59ed015b17504d1,fb7e0b495d6c58538f66641c07425447dd012c1c3e8b4da2b186f155474d3e76,ed04f1f15fcc8b9fd0d9e7534a47a9a1188a6c95f2b3896f5098438cc3ebdf75
PMID-20540902,20540902,OTC-LIT-Q02-NSAID,deprioritize,low,title_abstract,간단한 MR renography 모델링 연구,parsed,P2-B0003,Qwen/Qwen2.5-3B-Instruct,aa8e72537993ba99e69dfaafa59ed015b17504d1,fb7e0b495d6c58538f66641c07425447dd012c1c3e8b4da2b186f155474d3e76,36479c4e2b4d09a62bae25a575931e598bfcbef6ccb592e0f9f9d5f4957c9ac4
PMID-20546197,20546197,OTC-LIT-Q03-COLD-ALLERGY,deprioritize,low,title_abstract,제목과 초록으로 감기·알레르기 복합성분의 진정·운전·혈,parsed,P2-B0003,Qwen/Qwen2.5-3B-Instruct,aa8e72537993ba99e69dfaafa59ed015b17504d1,fb7e0b495d6c58538f66641c07425447dd012c1c3e8b4da2b186f155474d3e76,00b1bdc4897a31ab7fecdfdc36300a078c727cf85f497183fb0ef95d2dfea341
PMID-20547971,20547971,OTC-LIT-Q03-COLD-ALLERGY,deprioritize,low,title_abstract,제목과 초록으로는 PICOS 질문과 관련성이 불명확,parsed,P2-B0003,Qwen/Qwen2.5-3B-Instruct,aa8e72537993ba99e69dfaafa59ed015b17504d1,fb7e0b495d6c58538f66641c07425447dd012c1c3e8b4da2b186f155474d3e76,d20f0f5ecea80b5a5929cc8a2bb4040b116da76b6d584c5b5880935da86da750
PMID-20551297,20551297,OTC-LIT-Q01-ACETAMINOPHEN,deprioritize,low,title_abstract,제목과 초록으로 아세트아미노펜 관련 안전성 결과를 찾기 어려움,parsed,P2-B0003,Qwen/Qwen2.5-3B-Instruct,aa8e72537993ba99e69dfaafa59ed015b17504d1,fb7e0b495d6c58538f66641c07425447dd012c1c3e8b4da2b186f155474d3e76,32fa2af1d40fc2cb02111a7e2b635ca9dfefd66b93ade72faf8d56453403adf1
PMID-20552315,20552315,OTC-LIT-Q01-ACETAMINOPHEN,deprioritize,low,title_abstract,제목과 초록에서 아세트아민펜 관련성 미상,parsed,P2-B0003,Qwen/Qwen2.5-3B-Instruct,aa8e72537993ba99e69dfaafa59ed015b17504d1,fb7e0b495d6c58538f66641c07425447dd012c1c3e8b4da2b186f155474d3e76,0bda1eeec39a4088704d05adb6eae5e0d39d2377726246b215b9bf839b0c662e
PMID-20557280,20557280,OTC-LIT-Q05-TOPICAL,deprioritize,low,title_abstract,제목과 초록에서 관련성 미비,parsed,P2-B0003,Qwen/Qwen2.5-3B-Instruct,aa8e72537993ba99e69dfaafa59ed015b17504d1,fb7e0b495d6c58538f66641c07425447dd012c1c3e8b4da2b186f155474d3e76,4b7e010586ad444bb50e61ef73ed381396740bcb4d89c8feccfe417fe9138329
PMID-20557453,20557453,OTC-LIT-Q01-ACETAMINOPHEN,deprioritize,low,title_abstract,제목과 초록에서 아세트아미노펜 관련 내용 없음,parsed,P2-B0003,Qwen/Qwen2.5-3B-Instruct,aa8e72537993ba99e69dfaafa59ed015b17504d1,fb7e0b495d6c58538f66641c07425447dd012c1c3e8b4da2b186f155474d3e76,c3145c2af9d9b65649117f6fed79da5645fbfb9424b156a7a0c69af9735dffbe
PMID-20560377,20560377,OTC-LIT-Q03-COLD-ALLERGY,deprioritize,low,title_abstract,제목과 초록으로 감기·알레르기 복합성분의 진정·운전·혈,parsed,P2-B0003,Qwen/Qwen2.5-3B-Instruct,aa8e72537993ba99e69dfaafa59ed015b17504d1,fb7e0b495d6c58538f66641c07425447dd012c1c3e8b4da2b186f155474d3e76,99e565c7a0dede7f988d8e75f84a23440848073d1c6117d8e19528dd1d6079cd
PMID-20561368,20561368,OTC-LIT-Q01-ACETAMINOPHEN,deprioritize,low,title_abstract,제목과 초록으로 보아 관련성 미확실,parsed,P2-B0003,Qwen/Qwen2.5-3B-Instruct,aa8e72537993ba99e69dfaafa59ed015b17504d1,fb7e0b495d6c58538f66641c07425447dd012c1c3e8b4da2b186f155474d3e76,60b14ec13d192b767fae83ca5467bbc476edf3d9bc4c98dc2e76934db92be582
PMID-20564545,20564545,OTC-LIT-Q01-ACETAMINOPHEN,deprioritize,low,title_abstract,제목과 초록으로는 아세트아미노펜 관련 연구 내용이 명확히 언급되지 않음,parsed,P2-B0003,Qwen/Qwen2.5-3B-Instruct,aa8e72537993ba99e69dfaafa59ed015b17504d1,fb7e0b495d6c58538f66641c07425447dd012c1c3e8b4da2b186f155474d3e76,a0a60a506b987b83c8ccb4a6111541ef94c9f7c8ec30983d2c62f9117603c688
PMID-20569079,20569079,OTC-LIT-Q02-NSAID,deprioritize,low,title_abstract,제목과 초록으로는 중복 및 주요 위해 관련성에 대한 정보 제공 불가,parsed,P2-B0003,Qwen/Qwen2.5-3B-Instruct,aa8e72537993ba99e69dfaafa59ed015b17504d1,fb7e0b495d6c58538f66641c07425447dd012c1c3e8b4da2b186f155474d3e76,a8d234c07b0a60bf93b44a3dee320ee64435f6bb4fa456824b0da91110abb9c9
