classification_id,source_link_id,v50_link_id,rule_id,rule_type,pmid,lineage_status,v50_rejection_reason,semantic_classification,ingredient_alignment,population_alignment,condition_alignment,outcome_alignment,direct_scope_ingredient_ids,direct_scope_product_item_sequences,direct_scope_profile_conditions,direct_scope_medication_terms,ui_policy,ui_direct_label_allowed,legacy_runtime_reachable,supports_rule_release,human_expert_reviewed,locator,locator_quote_sha256,key_finding_ko,classification_reason_ko,ui_boundary_ko
V51-LIT-CLASS-001,OTC-LIT-LINK-001,OTC-LIT-V50-LINK-001,OTC-RULE-001,duplicate_ingredient,30306812,v50_emitted,,direct_match,match,limited,match,match,ING-acetaminophen,,ageYears>=12,,direct,true,true,false,false,abstract:sentence:10,3f0fa0a8e647527e47d4efe8f91203a74b85b91c56889d336790eeb6b54d56f3,미국 중독관리센터에 접수된 아세트아미노펜 복합제 치료적 오용 사례의 24.8%에서 아세트아미노펜 함유 제품이 두 개 이상 함께 쓰였습니다.,아세트아미노펜 함유 제품을 둘 이상 함께 사용한 조건과 치료적 오용 결과가 성분 중복 규칙에 직접 대응한다. 연구 대상은 미국 중독관리센터에 보고된 12세 이상 사용자로 제한된다.,아세트아미노펜 중복 판정에만 직접 일치로 표시한다. 12세 미만이나 다른 성분 중복으로 일반화하지 않는다.
V51-LIT-CLASS-002,OTC-LIT-LINK-002,,OTC-RULE-001,duplicate_ingredient,26149538,v50_rejected_not_in_v5_corpus,not_in_v5_corpus,,not_assessed,not_assessed,not_assessed,not_assessed,,,,,exclude_from_result_ui,false,true,false,false,abstract:sentence:8,5b2544a45f73774909601a5a5656424caf68989a022195408f3f69c74d76a2b3,"하루 4 g을 넘긴 날의 92%에는 1회량 초과, 너무 이른 재복용, 아세트아미노펜 제품 동시 사용 중 하나 이상이 있었습니다.",v5.0 P AND I 검색식이 논문을 인출하지 않아 v5.0 링크로 채택되지 않았다.,v5.0 결과 UI에서 제외하고 v4 후보 계보 감사에서만 보존한다.
V51-LIT-CLASS-003,OTC-LIT-LINK-003,OTC-LIT-V50-LINK-002,OTC-RULE-002,duplicate_pharmacologic_class,26739516,v50_emitted,,background_context,limited,limited,limited,match,,,,,background_only,false,true,false,false,abstract:sentence:13,6596f262957ee593b731aff63b62b12c442f45e663ee8885f79e45835fd028da,위장관 이상반응과의 연관성은 NSAID와 저용량 아스피린을 함께 쓴 경우에 가장 높았고 각각 단독 사용에서 가장 낮았습니다.,"NSAID와 저용량 아스피린 병용의 위장관 이상반응 신호를 다루지만, 현재 규칙이 만드는 두 비아스피린 NSAID 조합별 직접 비교는 아니다.",NSAID 계열 중복의 배경 연구로만 표시한다. 특정 두 제품 조합의 직접 근거라고 쓰지 않는다.
V51-LIT-CLASS-004,OTC-LIT-LINK-004,,OTC-RULE-003,max_daily_dose,29516533,v50_rejected_not_in_v5_corpus,not_in_v5_corpus,,not_assessed,not_assessed,not_assessed,not_assessed,,,,,exclude_from_result_ui,false,true,false,false,abstract:sentence:10,b7d34a0af43f60050ccae2aaba2ddce93cb2b2f83570fc5b4bf2150dd1be444f,"감기·독감 시즌에 파라세타몰 사용과 과량 복용이 늘었고, 주된 이유는 상기도 증상용 일반의약품 복합제 사용 증가였습니다.",v5.0 P AND I 검색식이 논문을 인출하지 않아 v5.0 링크로 채택되지 않았다.,v5.0 결과 UI에서 제외하고 v4 후보 계보 감사에서만 보존한다.
V51-LIT-CLASS-005,OTC-LIT-LINK-005,,OTC-RULE-003,max_daily_dose,26149538,v50_rejected_not_in_v5_corpus,not_in_v5_corpus,,not_assessed,not_assessed,not_assessed,not_assessed,,,,,exclude_from_result_ui,false,true,false,false,abstract:sentence:7,251bd5f9934dfc47f28dcebed68f616e4982c26c47f3ad5b3a78568032fe6907,아세트아미노펜 섭취가 4 g을 넘은 날은 전체 사용일의 3.1%였고 그런 날의 중앙 섭취량은 5.5 g이었습니다.,v5.0 P AND I 검색식이 논문을 인출하지 않아 v5.0 링크로 채택되지 않았다.,v5.0 결과 UI에서 제외하고 v4 후보 계보 감사에서만 보존한다.
V51-LIT-CLASS-006,OTC-LIT-LINK-006,OTC-LIT-V50-LINK-003,OTC-RULE-004,minimum_interval,30030041,v50_emitted,,background_context,match,limited,mismatch,limited,,,,,background_only,false,true,false,false,abstract:sentence:7,051c8fd1ffc37fd6e63f59120bc3647c8aaf3a126cd208d4f73c1f6866bc1ee8,650 mg 서방정 사용자는 8시간 복용 간격을 아는 비율이 낮았고 너무 이른 재복용이 더 잦았습니다.,연구는 아세트아미노펜 650 mg 서방형의 8시간 간격 인지와 조기 재복용을 다룬다. 현재 규칙의 타이레놀 500 mg 일반정 4시간 최소 간격과 제형·간격 값이 다르다.,복용 간격 오류의 배경으로만 표시한다. 4시간 기준을 뒷받침하는 직접 문헌으로 표시하지 않는다.
V51-LIT-CLASS-007,OTC-LIT-LINK-007,OTC-LIT-V50-LINK-005,OTC-RULE-005,age_restriction,41803773,v50_emitted,,background_context,match,limited,mismatch,limited,,,,,background_only,false,true,false,false,abstract:sentence:11,4e4afc06bef5b64ee26daf6d1611613067364a188a9b490d352dd5584cf232b1,소아 파라세타몰 투약 오류의 가장 흔한 원인은 보호자 간 의사소통 착오와 함량·제형 선택 오류였습니다.,12세 미만 소아의 비의도적 파라세타몰 과량과 액상제 함량·제형 선택 오류를 다룬다. 성인용 500 mg 정제의 최소 연령 조건과 직접 대응하지 않는다.,소아 투약 오류의 배경으로만 표시하고 허가원문과의 conflict를 유지한다.
V51-LIT-CLASS-008,OTC-LIT-LINK-008,OTC-LIT-V50-LINK-004,OTC-RULE-005,age_restriction,22617049,v50_emitted,,background_context,match,limited,mismatch,limited,,,,,background_only,false,true,false,false,abstract:sentence:7,97ac0b2e12c4d1bdf336d9f388257376da26605fe7bf9b1d6c4124a3bec38608,기존 제품 표기 용법으로는 저체중 소아가 권장 1회량·1일 총량의 약 두 배를 받을 위험이 있었고 1세와 6세에서 특히 두드러졌습니다.,"영국 소아용 파라세타몰 연령대별 용량 모델 연구이며, 국내 타이레놀 500 mg 정제의 12세 최소 연령 조건을 직접 검증하지 않았다.",소아 연령대별 용량 오류의 배경으로만 표시한다. 국내 500 mg 정제의 12세 제한과 직접 일치한다고 쓰지 않는다.
V51-LIT-CLASS-009,OTC-LIT-LINK-009,OTC-LIT-V50-LINK-006,OTC-RULE-006,pregnancy_lactation,39714827,v50_emitted,,mixed_scope,limited,match,limited,match,ING-ibuprofen,198601920,pregnant=true;pregnancyTrimester=3,,direct_when_scope_matches_else_background,true,true,false,false,abstract:sentence:16,58e161c5d20f06d7c0abd11c96fa472c54c5cde2ae1605682cbe428d38063494,"임신 중 NSAID 처방에는 주의가 필요하며, 특히 3분기 이부프로펜에서 소아 만성콩팥병 위험이 높게 나타났습니다.","임신 3기 이부프로펜 노출과 소아 신장 결과는 현재 규칙 범위에 직접 대응한다. 그러나 수유는 연구하지 않았고, 행에 함께 선언된 덱시부프로펜·나프록센의 직접 결과도 제시하지 않는다.","임신 3기 이부프로펜 조건에서만 직접 일치로 표시한다. 임신 시기 미입력·1기·2기, 수유 단독 또는 다른 NSAID에는 직접 표시하지 않는다."
V51-LIT-CLASS-010,OTC-LIT-LINK-010,OTC-LIT-V50-LINK-007,OTC-RULE-007,hepatic_disease,26460177,v50_emitted,,background_context,match,limited,limited,limited,,,,,background_only,false,true,false,false,abstract:sentence:2,838705c0fad1e25db49508ad71325866e8d8545700c37ed38afc39e59b574687,"파라세타몰 과량은 전격간부전으로 이어질 수 있고, 단기·장기 사용 모두 간효소 상승과 연관되어 보고되었습니다.","논문 주제는 간기능 저하 환자의 아세트아미노펜 사용이지만, 연결 문장은 일반 과량과 간효소 상승을 설명한다. 만성 간질환자의 구체적 제한을 직접 확정하지 않는다.",간질환 주의의 불확실성을 설명하는 배경 연구로만 표시하고 conflict를 유지한다.
V51-LIT-CLASS-011,OTC-LIT-LINK-011,OTC-LIT-V50-LINK-008,OTC-RULE-008,renal_disease,33662136,v50_emitted,,mixed_scope,limited,limited,match,match,ING-ibuprofen,198601920,kidneyDisease=true;ageYears<=18,,direct_when_scope_matches_else_background,true,true,false,false,abstract:sentence:14,29295c40ec91418813dfd947c5a8b03d117968b3fd16914519c717e1510f2e79,이부프로펜 사용은 만성콩팥병이 있는 소아에서 없는 소아보다 급성신손상 위험이 더 크게 나타났습니다.,"입원 소아의 이부프로펜 사용, 기존 만성콩팥병, 급성신손상 결과는 직접 대응한다. 성인과 행에 선언된 덱시부프로펜·나프록센으로의 확장은 직접 검증되지 않았다.",18세 이하 신장질환자의 이부프로펜 조건에서만 직접 일치로 표시한다. 연령이 없거나 성인이면 배경으로만 표시한다.
V51-LIT-CLASS-012,OTC-LIT-LINK-012,,OTC-RULE-009,gi_bleeding_ulcer,20178131,v50_rejected_not_in_v5_corpus,not_in_v5_corpus,,not_assessed,not_assessed,not_assessed,not_assessed,,,,,exclude_from_result_ui,false,true,false,false,abstract:sentence:6,eb2aff7a8945233ba6087796f6061a2b41772de39dc673455ec976d60e91e10f,상부 위장관 출혈·천공의 상대위험은 전통적 NSAID에서 4.50이었습니다.,v5.0 P AND I 검색식이 논문을 인출하지 않아 v5.0 링크로 채택되지 않았다.,v5.0 결과 UI에서 제외하고 v4 후보 계보 감사에서만 보존한다.
V51-LIT-CLASS-013,OTC-LIT-LINK-013,,OTC-RULE-010,sedation_driving,26999510,v50_rejected_no_retain_decision_for_rule_question,no_retain_decision_for_rule_question,,not_assessed,not_assessed,not_assessed,not_assessed,,,,,exclude_from_result_ui,false,true,false,false,abstract:sentence:10,f7a063f8b2cfde232c798c9f5ab7c5c927039cf7d00d25ccc78f511d7a25bd09,레보세티리진과 펙소페나딘은 모의 운전 과제에서 정신운동 수행을 떨어뜨리지 않았고 디펜히드라민은 떨어뜨렸습니다.,논문이 규칙에 허용된 질문에서 최종 retain 판정을 받지 않아 v5.0 링크로 채택되지 않았다.,v5.0 결과 UI에서 제외하고 v4 후보 계보 감사에서만 보존한다.
V51-LIT-CLASS-014,OTC-LIT-LINK-014,,OTC-RULE-011,alcohol,33333080,v50_rejected_no_retain_decision_for_rule_question,no_retain_decision_for_rule_question,,not_assessed,not_assessed,not_assessed,not_assessed,,,,,exclude_from_result_ui,false,true,false,false,abstract:sentence:3,6356cb52fe5ac4df828ca00d2778b8ea26a4972319c6ec256ee748b3ec33faf4,"만성 음주는 아세트아미노펜 간독성을 강화할 수 있고, 알코올이 체내에서 빠진 직후에 복용해도 위험이 올라가는 것으로 관찰됩니다.",논문이 규칙에 허용된 질문에서 최종 retain 판정을 받지 않아 v5.0 링크로 채택되지 않았다.,v5.0 결과 UI에서 제외하고 v4 후보 계보 감사에서만 보존한다.
V51-LIT-CLASS-015,OTC-LIT-LINK-015,OTC-LIT-V50-LINK-009,OTC-RULE-012,anticoagulant_antiplatelet,39551938,v50_emitted,,mixed_scope,limited,limited,limited,match,ING-ibuprofen,198601920,medications.class=oral_anticoagulant,warfarin;와파린;apixaban;아픽사반,direct_when_scope_matches_else_background,true,true,false,false,abstract:sentence:8,10b48fd8a49be13963126e3d594b27d52f7d07542f01bba93fb1dc59507a0a1b,정맥혈전색전증으로 경구 항응고제를 쓰는 환자가 NSAID를 함께 복용하면 출혈 발생률이 두 배 이상이었습니다.,이부프로펜을 포함한 NSAID와 경구 항응고제 병용의 출혈 결과는 직접 대응한다. aspirin 항혈소판 분기와 덱시부프로펜은 직접 연구 범위가 아니다.,이부프로펜과 명시된 경구 항응고제 병용에서만 직접 표시한다. aspirin 입력에는 직접 문헌으로 표시하지 않는다.
V51-LIT-CLASS-016,OTC-LIT-LINK-016,,OTC-RULE-013,sedative_medication,23747192,v50_rejected_not_in_v5_corpus,not_in_v5_corpus,,not_assessed,not_assessed,not_assessed,not_assessed,,,,,exclude_from_result_ui,false,true,false,false,abstract:sentence:16,c7d2ca53897387d94b4850498d313476e74ed0090a1f4d144f19a70043b50215,이 사망 사례의 과량 복용은 항히스타민으로 인한 졸음이 겹쳐 악화되었을 것으로 판단되었습니다.,v5.0 P AND I 검색식이 논문을 인출하지 않아 v5.0 링크로 채택되지 않았다.,v5.0 결과 UI에서 제외하고 v4 후보 계보 감사에서만 보존한다.
V51-LIT-CLASS-017,OTC-LIT-LINK-017,OTC-LIT-V50-LINK-010,OTC-RULE-014,decongestant_hypertension,26022219,v50_emitted,,mixed_scope,limited,limited,match,match,ING-acetaminophen;ING-mf-src-4b985f9d3bdb,196800036,hypertensionOrCardiovascularDisease=true,,direct_when_scope_matches_else_background,true,true,false,false,abstract:sentence:14,9960aa672da6bb22ecc703eaf9010f8e999b7e180b6eb2cd4b3857af16ca850d,페닐레프린과 파라세타몰 경구 복합요법은 심혈관 여력이 낮은 사람에서 페닐레프린 단독보다 혈압을 더 올릴 수 있습니다.,연구는 페닐레프린과 파라세타몰 경구 복합 노출에서 혈압 상승 가능성을 다룬다. 기존 행은 아세트아미노펜만 선언해 결합 노출을 기계적으로 표현하지 못한다.,판콜에이내복액처럼 아세트아미노펜과 페닐레프린을 모두 포함한 제품에서만 직접 일치로 표시한다.
V51-LIT-CLASS-018,OTC-LIT-LINK-018,,OTC-RULE-015,maximum_duration,21370947,v50_rejected_no_retain_decision_for_rule_question,no_retain_decision_for_rule_question,,not_assessed,not_assessed,not_assessed,not_assessed,,,,,exclude_from_result_ui,false,false,false,false,abstract:sentence:4,c148f745998d925b05ec5f9bd0e81e9e2b60ea47cc32303d988840227898896c,반복 초과 복용은 24시간에 아세트아미노펜 4 g을 넘는 양을 8시간보다 긴 기간에 걸쳐 먹은 경우로 정의되었습니다.,논문이 규칙에 허용된 질문에서 최종 retain 판정을 받지 않아 v5.0 링크로 채택되지 않았다.,v5.0 결과 UI에서 제외하고 v4 후보 계보 감사에서만 보존한다.
V51-LIT-CLASS-019,OTC-LIT-LINK-019,,OTC-RULE-015,maximum_duration,22106945,v50_rejected_no_retain_decision_for_rule_question,no_retain_decision_for_rule_question,,not_assessed,not_assessed,not_assessed,not_assessed,,,,,exclude_from_result_ui,false,false,false,false,abstract:sentence:11,c8eef1257aa84a1f971e387ef69e44371168f2da3118035549876bf905b52634,나누어 복용한 과량 환자는 다발성 장기부전 위험이 커서 전문 간센터로 조기 이송을 고려해야 한다고 보고되었습니다.,논문이 규칙에 허용된 질문에서 최종 retain 판정을 받지 않아 v5.0 링크로 채택되지 않았다.,v5.0 결과 UI에서 제외하고 v4 후보 계보 감사에서만 보존한다.
V51-LIT-CLASS-020,OTC-LIT-LINK-020,,OTC-RULE-016,urgent_referral,40579172,v50_rejected_not_in_v5_corpus,not_in_v5_corpus,,not_assessed,not_assessed,not_assessed,not_assessed,,,,,exclude_from_result_ui,false,true,false,false,abstract:sentence:1,acef17925705fe34a923c559995f0eafdef1f5a4af7cceaa0da94e60bd76e3ed,스티븐스-존슨 증후군과 독성표피괴사융해증은 드물지만 치명률이 높은 생명을 위협하는 상태이며 대부분 약물이 원인입니다.,v5.0 P AND I 검색식이 논문을 인출하지 않아 v5.0 링크로 채택되지 않았다.,v5.0 결과 UI에서 제외하고 v4 후보 계보 감사에서만 보존한다.
