evidence_candidate_id,evidence_unit_id,rule_id,rule_type,referenced_rule_status,candidate_operational_status,shortlist_rank,recommendation,product_name,item_sequence,ingredient_ids,ingredient_names,ingredient_scope,current_rule_scope,referenced_runtime_condition,proposed_message_ko,proposed_next_action_ko,document_type,source_id,source_url,source_version,document_revision_date,document_revision_status,document_revision_basis,document_revision_reason,retrieved_at,retrieved_at_utc,raw_candidate_source_locator,raw_candidate_evidence_text,official_source_locator,official_source_text,proposed_review_source_locator,proposed_review_evidence_text,reviewed_source_locator,reviewed_evidence_text,operational_source_locator,operational_evidence_text,evidence_text_override,evidence_text_override_reason,referenced_code_link,duplicate_flag,duplicate_group,review_status,status_reason,review_question,adoption_options,required_regression_tests,review_decision,review_comment,reviewer_id,reviewer_role,reviewed_at
EXP-OTC-01-NB-P1-B23-age_restriction,OTC-V51-EU-680eb75592bf2271,OTC-RULE-005,age_restriction,released,inactive_candidate,2,alternative_context,덱스피드연질캡슐(덱시부프로펜),201110646,ING-dexibuprofen,덱시부프로펜,product_authorized_ingredient_set_not_excerpt_attribution,tylenol500_minimum_age_12,item_sequence=202106092|minimum_age_years=12,입력한 연령에 적용되는 제한 또는 별도 용량 기준이 있습니다.,소아·고령자 용법을 제품 허가사항과 전문가에게 확인하세요.,NB,MFDS-NEDRUG-DETAIL,https://nedrug.mfds.go.kr/dsie/pdf/drb/201110646/NB,sha256:1fb48f840d563a2ee2e20c1cf8d9b5d4f5461704db10a8c0970512869889b394,2026-01-02,reported_in_archived_mfds_change_history,baseline_git_blob:research_v3/otc/raw/nedrug/201110646/detail.html#tblChf; change_item=사용상주의사항변경(부작용포함),,2026-07-14,2026-07-14T02:56:31.878369+00:00,"사용상의주의사항 PDF p.1, 문단 23",응은 투여 기간 동안에 경고 증상 없이 발생할 수 있다. 고령자(노인)는 중대한 위장관계 이상반응의 위험이,"사용상의주의사항 PDF p.1, 문단 21-24","3) 위장관계 위험: 이 약을 포함한 비스테로이드성 소염(항염)진통제는 위 또는 장관의 출혈, 궤양 및 천공(뚫

림)을 포함한 중대한 위장관계 이상반응의 위험을 증가시킬 수 있으며, 이는 치명적일 수 있다. 이러한 이상반

응은 투여 기간 동안에 경고 증상 없이 발생할 수 있다. 고령자(노인)는 중대한 위장관계 이상반응의 위험이

더 클 수 있다.","사용상의주의사항 PDF p.1, 문단 23",응은 투여 기간 동안에 경고 증상 없이 발생할 수 있다. 고령자(노인)는 중대한 위장관계 이상반응의 위험이,,,,,false,,src/lib/otc/engine.ts:971,false,,needs_expert_review,shortlisted_context_not_expert_verified,이 원문이 제안한 제품·성분·조건과 사용자 문구를 직접 지지하는지 확인하세요. 참조 규칙 실행 조건이 허가 범위를 넘지 않는지도 확인하세요. 이 후보는 전문가 승인 전까지 운영에 사용하지 않습니다.,adopt|revise|reject,"normal=제품=덱스피드연질캡슐(덱시부프로펜); 품목기준코드=201110646; 규칙=OTC-RULE-005/age_restriction; 적용조건=item_sequence=202106092 AND minimum_age_years=12; 예상문구=입력한 연령에 적용되는 제한 또는 별도 용량 기준이 있습니다.|boundary=제품=덱스피드연질캡슐(덱시부프로펜); 품목기준코드=201110646; 규칙=OTC-RULE-005/age_restriction; 적용조건=item_sequence=202106092 AND minimum_age_years=12; 숫자 조건은 포함 경계값과 바로 밖 값을, 문자 조건은 정확히 일치하는 값과 불일치하는 값을 검사; 포함·일치 값의 예상문구=입력한 연령에 적용되는 제한 또는 별도 용량 기준이 있습니다.; 제외·불일치 값에서는 OTC-RULE-005 미발동|non_target=품목기준코드!=201110646; 동일 조건 입력; 예상=OTC-RULE-005 미발동|false_positive=제품=덱스피드연질캡슐(덱시부프로펜); 품목기준코드=201110646; 규칙=OTC-RULE-005/age_restriction; 적용조건 불충족; 예상=OTC-RULE-005 미발동",,,,,
EXP-OTC-01-NB-P1-B3-alcohol,OTC-V51-EU-fcde2ec872919e21,OTC-RULE-011,alcohol,released,inactive_candidate,2,alternative_context,덱스피드연질캡슐(덱시부프로펜),201110646,ING-dexibuprofen,덱시부프로펜,product_authorized_ingredient_set_not_excerpt_attribution,acetaminophen_regular_alcohol_use,item_sequence=202106092|ingredient_id=ING-acetaminophen|flags=alcohol,음주와 함께 복용할 때 주의가 필요한 제품이 포함되어 있습니다.,음주 중 복용 전 약사 또는 의사와 상담하세요.,NB,MFDS-NEDRUG-DETAIL,https://nedrug.mfds.go.kr/dsie/pdf/drb/201110646/NB,sha256:1fb48f840d563a2ee2e20c1cf8d9b5d4f5461704db10a8c0970512869889b394,2026-01-02,reported_in_archived_mfds_change_history,baseline_git_blob:research_v3/otc/raw/nedrug/201110646/detail.html#tblChf; change_item=사용상주의사항변경(부작용포함),,2026-07-14,2026-07-14T02:56:31.878369+00:00,"사용상의주의사항 PDF p.1, 문단 3",1) 매일 3잔 이상 정기적으로 술을 마시는 사람이 이 약이나 다른 해열진통제를 복용해야 할 경우 반드시 의,"사용상의주의사항 PDF p.1, 문단 1-4","사용상의주의사항

1. 경고

1) 매일 3잔 이상 정기적으로 술을 마시는 사람이 이 약이나 다른 해열진통제를 복용해야 할 경우 반드시 의

사 또는 약사와 상의해야 한다. 이러한 사람이 이 약을 복용하면 위장출혈이 유발될 수 있다.","사용상의주의사항 PDF p.1, 문단 3",1) 매일 3잔 이상 정기적으로 술을 마시는 사람이 이 약이나 다른 해열진통제를 복용해야 할 경우 반드시 의,,,,,false,,src/lib/otc/engine.ts:1044,true,location:OTC-V51-EU-fcde2ec872919e21,needs_expert_review,shortlisted_context_not_expert_verified,이 원문이 제안한 제품·성분·조건과 사용자 문구를 직접 지지하는지 확인하세요. 참조 규칙 실행 조건이 허가 범위를 넘지 않는지도 확인하세요. 이 후보는 전문가 승인 전까지 운영에 사용하지 않습니다.,adopt|revise|reject,"normal=제품=덱스피드연질캡슐(덱시부프로펜); 품목기준코드=201110646; 규칙=OTC-RULE-011/alcohol; 적용조건=item_sequence=202106092 AND ingredient_id=ING-acetaminophen AND flags=alcohol; 예상문구=음주와 함께 복용할 때 주의가 필요한 제품이 포함되어 있습니다.|boundary=제품=덱스피드연질캡슐(덱시부프로펜); 품목기준코드=201110646; 규칙=OTC-RULE-011/alcohol; 적용조건=item_sequence=202106092 AND ingredient_id=ING-acetaminophen AND flags=alcohol; 숫자 조건은 포함 경계값과 바로 밖 값을, 문자 조건은 정확히 일치하는 값과 불일치하는 값을 검사; 포함·일치 값의 예상문구=음주와 함께 복용할 때 주의가 필요한 제품이 포함되어 있습니다.; 제외·불일치 값에서는 OTC-RULE-011 미발동|non_target=품목기준코드!=201110646; 동일 조건 입력; 예상=OTC-RULE-011 미발동|false_positive=제품=덱스피드연질캡슐(덱시부프로펜); 품목기준코드=201110646; 규칙=OTC-RULE-011/alcohol; 적용조건 불충족; 예상=OTC-RULE-011 미발동",,,,,
EXP-OTC-01-NB-P1-B3-duplicate_pharmacologic_class,OTC-V51-EU-fcde2ec872919e21,OTC-RULE-002,duplicate_pharmacologic_class,released,inactive_candidate,2,alternative_context,덱스피드연질캡슐(덱시부프로펜),201110646,ING-dexibuprofen,덱시부프로펜,product_authorized_ingredient_set_not_excerpt_attribution,ibuprofen_and_other_NSAIDs,scope_only_no_structured_binding,같은 NSAID 계열 성분을 함께 복용할 수 있습니다.,함께 복용하지 말고 복용 전 약사 또는 의사와 상담하세요.,NB,MFDS-NEDRUG-DETAIL,https://nedrug.mfds.go.kr/dsie/pdf/drb/201110646/NB,sha256:1fb48f840d563a2ee2e20c1cf8d9b5d4f5461704db10a8c0970512869889b394,2026-01-02,reported_in_archived_mfds_change_history,baseline_git_blob:research_v3/otc/raw/nedrug/201110646/detail.html#tblChf; change_item=사용상주의사항변경(부작용포함),,2026-07-14,2026-07-14T02:56:31.878369+00:00,"사용상의주의사항 PDF p.1, 문단 3",1) 매일 3잔 이상 정기적으로 술을 마시는 사람이 이 약이나 다른 해열진통제를 복용해야 할 경우 반드시 의,"사용상의주의사항 PDF p.1, 문단 1-4","사용상의주의사항

1. 경고

1) 매일 3잔 이상 정기적으로 술을 마시는 사람이 이 약이나 다른 해열진통제를 복용해야 할 경우 반드시 의

사 또는 약사와 상의해야 한다. 이러한 사람이 이 약을 복용하면 위장출혈이 유발될 수 있다.","사용상의주의사항 PDF p.1, 문단 3",1) 매일 3잔 이상 정기적으로 술을 마시는 사람이 이 약이나 다른 해열진통제를 복용해야 할 경우 반드시 의,,,,,false,,src/lib/otc/engine.ts:759,true,location:OTC-V51-EU-fcde2ec872919e21,needs_expert_review,shortlisted_context_not_expert_verified,이 원문이 제안한 제품·성분·조건과 사용자 문구를 직접 지지하는지 확인하세요. 참조 규칙 실행 조건이 허가 범위를 넘지 않는지도 확인하세요. 이 후보는 전문가 승인 전까지 운영에 사용하지 않습니다.,adopt|revise|reject,"normal=제품=덱스피드연질캡슐(덱시부프로펜); 품목기준코드=201110646; 규칙=OTC-RULE-002/duplicate_pharmacologic_class; 적용조건=scope_only_no_structured_binding; 예상문구=같은 NSAID 계열 성분을 함께 복용할 수 있습니다.|boundary=제품=덱스피드연질캡슐(덱시부프로펜); 품목기준코드=201110646; 규칙=OTC-RULE-002/duplicate_pharmacologic_class; 적용조건=scope_only_no_structured_binding; 숫자 조건은 포함 경계값과 바로 밖 값을, 문자 조건은 정확히 일치하는 값과 불일치하는 값을 검사; 포함·일치 값의 예상문구=같은 NSAID 계열 성분을 함께 복용할 수 있습니다.; 제외·불일치 값에서는 OTC-RULE-002 미발동|non_target=품목기준코드!=201110646; 동일 조건 입력; 예상=OTC-RULE-002 미발동|false_positive=제품=덱스피드연질캡슐(덱시부프로펜); 품목기준코드=201110646; 규칙=OTC-RULE-002/duplicate_pharmacologic_class; 적용조건 불충족; 예상=OTC-RULE-002 미발동",,,,,
EXP-OTC-01-NB-P1-B4-gi_bleeding_ulcer,OTC-V51-EU-50bc95b055413bff,OTC-RULE-009,gi_bleeding_ulcer,released,inactive_candidate,2,alternative_context,덱스피드연질캡슐(덱시부프로펜),201110646,ING-dexibuprofen,덱시부프로펜,product_authorized_ingredient_set_not_excerpt_attribution,ibuprofen_gi_bleeding_or_ulcer,item_sequence=198601920|flags=gi_bleeding_ulcer,위장관 출혈 또는 궤양 위험과 관련된 제품이 포함되어 있습니다.,복용 전 의사 또는 약사와 상담하세요.,NB,MFDS-NEDRUG-DETAIL,https://nedrug.mfds.go.kr/dsie/pdf/drb/201110646/NB,sha256:1fb48f840d563a2ee2e20c1cf8d9b5d4f5461704db10a8c0970512869889b394,2026-01-02,reported_in_archived_mfds_change_history,baseline_git_blob:research_v3/otc/raw/nedrug/201110646/detail.html#tblChf; change_item=사용상주의사항변경(부작용포함),,2026-07-14,2026-07-14T02:56:31.878369+00:00,"사용상의주의사항 PDF p.1, 문단 4",사 또는 약사와 상의해야 한다. 이러한 사람이 이 약을 복용하면 위장출혈이 유발될 수 있다.,"사용상의주의사항 PDF p.1, 문단 1-4","사용상의주의사항

1. 경고

1) 매일 3잔 이상 정기적으로 술을 마시는 사람이 이 약이나 다른 해열진통제를 복용해야 할 경우 반드시 의

사 또는 약사와 상의해야 한다. 이러한 사람이 이 약을 복용하면 위장출혈이 유발될 수 있다.","사용상의주의사항 PDF p.1, 문단 4",사 또는 약사와 상의해야 한다. 이러한 사람이 이 약을 복용하면 위장출혈이 유발될 수 있다.,,,,,false,,src/lib/otc/engine.ts:1030,true,text:OTC-V51-TEXT-c339e9a702b3d921,needs_expert_review,shortlisted_context_not_expert_verified,이 원문이 제안한 제품·성분·조건과 사용자 문구를 직접 지지하는지 확인하세요. 참조 규칙 실행 조건이 허가 범위를 넘지 않는지도 확인하세요. 이 후보는 전문가 승인 전까지 운영에 사용하지 않습니다.,adopt|revise|reject,"normal=제품=덱스피드연질캡슐(덱시부프로펜); 품목기준코드=201110646; 규칙=OTC-RULE-009/gi_bleeding_ulcer; 적용조건=item_sequence=198601920 AND flags=gi_bleeding_ulcer; 예상문구=위장관 출혈 또는 궤양 위험과 관련된 제품이 포함되어 있습니다.|boundary=제품=덱스피드연질캡슐(덱시부프로펜); 품목기준코드=201110646; 규칙=OTC-RULE-009/gi_bleeding_ulcer; 적용조건=item_sequence=198601920 AND flags=gi_bleeding_ulcer; 숫자 조건은 포함 경계값과 바로 밖 값을, 문자 조건은 정확히 일치하는 값과 불일치하는 값을 검사; 포함·일치 값의 예상문구=위장관 출혈 또는 궤양 위험과 관련된 제품이 포함되어 있습니다.; 제외·불일치 값에서는 OTC-RULE-009 미발동|non_target=품목기준코드!=201110646; 동일 조건 입력; 예상=OTC-RULE-009 미발동|false_positive=제품=덱스피드연질캡슐(덱시부프로펜); 품목기준코드=201110646; 규칙=OTC-RULE-009/gi_bleeding_ulcer; 적용조건 불충족; 예상=OTC-RULE-009 미발동",,,,,
EXP-OTC-01-NB-P1-B5-decongestant_hypertension,OTC-V51-EU-caa8ac59debb9382,OTC-RULE-014,decongestant_hypertension,released,inactive_candidate,2,alternative_context,덱스피드연질캡슐(덱시부프로펜),201110646,ING-dexibuprofen,덱시부프로펜,product_authorized_ingredient_set_not_excerpt_attribution,pancol_a_phenylephrine_hypertension,item_sequence=196800036|flags=decongestant_hypertension,고혈압 또는 심혈관질환에서 비충혈제거제 주의가 필요할 수 있습니다.,복용 전 의사 또는 약사와 상담하세요.,NB,MFDS-NEDRUG-DETAIL,https://nedrug.mfds.go.kr/dsie/pdf/drb/201110646/NB,sha256:1fb48f840d563a2ee2e20c1cf8d9b5d4f5461704db10a8c0970512869889b394,2026-01-02,reported_in_archived_mfds_change_history,baseline_git_blob:research_v3/otc/raw/nedrug/201110646/detail.html#tblChf; change_item=사용상주의사항변경(부작용포함),,2026-07-14,2026-07-14T02:56:31.878369+00:00,"사용상의주의사항 PDF p.1, 문단 5",2) 심혈관계 위험: 이 약을 포함한 비스테로이드성 소염(항염)진통제는 중대한 심혈관계 혈전(혈관막힘) 반,"사용상의주의사항 PDF p.1, 문단 5-8","2) 심혈관계 위험: 이 약을 포함한 비스테로이드성 소염(항염)진통제는 중대한 심혈관계 혈전(혈관막힘) 반

응, 심근경색증 및 뇌졸중의 위험을 증가시킬 수 있으며, 이는 치명적일 수 있다. 투여 기간에 따라 이러한 위

험이 증가될 수 있다. 심혈관계 질환 또는 심혈관계 질환의 위험 인자가 있는 환자에서는 더 위험할 수도 있

다.","사용상의주의사항 PDF p.1, 문단 5",2) 심혈관계 위험: 이 약을 포함한 비스테로이드성 소염(항염)진통제는 중대한 심혈관계 혈전(혈관막힘) 반,,,,,false,,src/lib/otc/engine.ts:1051,true,text:OTC-V51-TEXT-984fca6d824445a7,needs_expert_review,shortlisted_context_not_expert_verified,이 원문이 제안한 제품·성분·조건과 사용자 문구를 직접 지지하는지 확인하세요. 참조 규칙 실행 조건이 허가 범위를 넘지 않는지도 확인하세요. 이 후보는 전문가 승인 전까지 운영에 사용하지 않습니다.,adopt|revise|reject,"normal=제품=덱스피드연질캡슐(덱시부프로펜); 품목기준코드=201110646; 규칙=OTC-RULE-014/decongestant_hypertension; 적용조건=item_sequence=196800036 AND flags=decongestant_hypertension; 예상문구=고혈압 또는 심혈관질환에서 비충혈제거제 주의가 필요할 수 있습니다.|boundary=제품=덱스피드연질캡슐(덱시부프로펜); 품목기준코드=201110646; 규칙=OTC-RULE-014/decongestant_hypertension; 적용조건=item_sequence=196800036 AND flags=decongestant_hypertension; 숫자 조건은 포함 경계값과 바로 밖 값을, 문자 조건은 정확히 일치하는 값과 불일치하는 값을 검사; 포함·일치 값의 예상문구=고혈압 또는 심혈관질환에서 비충혈제거제 주의가 필요할 수 있습니다.; 제외·불일치 값에서는 OTC-RULE-014 미발동|non_target=품목기준코드!=201110646; 동일 조건 입력; 예상=OTC-RULE-014 미발동|false_positive=제품=덱스피드연질캡슐(덱시부프로펜); 품목기준코드=201110646; 규칙=OTC-RULE-014/decongestant_hypertension; 적용조건 불충족; 예상=OTC-RULE-014 미발동",,,,,
EXP-OTC-01-NB-P2-B17-pregnancy_lactation,OTC-V51-EU-e99342695c4fcc05,OTC-RULE-006,pregnancy_lactation,released,inactive_candidate,2,alternative_context,덱스피드연질캡슐(덱시부프로펜),201110646,ING-dexibuprofen,덱시부프로펜,product_authorized_ingredient_set_not_excerpt_attribution,ibuprofen_pregnancy_lactation,item_sequence=198601920|flags=pregnancy_lactation,임신 또는 수유 중 주의가 필요한 제품이 포함되어 있습니다.,복용 전 의사 또는 약사와 상담하세요.,NB,MFDS-NEDRUG-DETAIL,https://nedrug.mfds.go.kr/dsie/pdf/drb/201110646/NB,sha256:1fb48f840d563a2ee2e20c1cf8d9b5d4f5461704db10a8c0970512869889b394,2026-01-02,reported_in_archived_mfds_change_history,baseline_git_blob:research_v3/otc/raw/nedrug/201110646/detail.html#tblChf; change_item=사용상주의사항변경(부작용포함),,2026-07-14,2026-07-14T02:56:31.878369+00:00,"사용상의주의사항 PDF p.2, 문단 17",12) 임신 6개월 이상의 임부(비스테로이드성 소염(항염)진통제와 마찬가지로 임신 말기에 이 약을 투여 시,"사용상의주의사항 PDF p.2, 문단 4-22","1) 위장관궤양이 있거나 징후가 있는 환자, 또는 그 재발병력이 있는 환자

2) 위장관이나 뇌혈관 또는 다른 부위의 출혈이 있는 환자

3) 심한 혈액이상 환자

4) 심한 간장애 환자

5) 심한 신장애(신장장애) 환자

6) 심한 심부전 환자

7) 심한 고혈압 환자

8) 이 약 및 이 약의 구성성분에 과민반응이 있는 환자

9) 기관지 천식 또는 그 병력이 있는 환자

10) 아스피린이나 다른 비스테로이드성 소염(항염)진통제(COX-2 억제제 포함)에 대하여 천식, 두드러기 또

는 알레르기 반응 병력이 있는 환자(이러한 환자에서 비스테로이드성 소염(항염)진통제 투여후 치명적인 중

증(심한 증상)의 아나필락시스(과민성)모양 반응이 드물게 보고되었다.)

11) 관상동맥 우회로술(CABG) 전후에 발생하는 통증의 치료

12) 임신 6개월 이상의 임부(비스테로이드성 소염(항염)진통제와 마찬가지로 임신 말기에 이 약을 투여 시

태아의 동맥관을 조기 폐쇄시킬 수 있다.)

13) 크론병 또는 궤양성대장염과 같은 염증성장질환 환자

14) 이전의 비스테로이드성 소염(항염)진통제 치료로 인해, 위장관 출혈 또는 천공(뚫림)이 발생한 병력이 있

는 환자

3. 이 약을 복용하는 동안 다음의 약을 복용하지 말 것.","사용상의주의사항 PDF p.2, 문단 17",12) 임신 6개월 이상의 임부(비스테로이드성 소염(항염)진통제와 마찬가지로 임신 말기에 이 약을 투여 시,,,,,false,,src/lib/otc/engine.ts:1094,false,,needs_expert_review,shortlisted_context_not_expert_verified,이 원문이 제안한 제품·성분·조건과 사용자 문구를 직접 지지하는지 확인하세요. 참조 규칙 실행 조건이 허가 범위를 넘지 않는지도 확인하세요. 이 후보는 전문가 승인 전까지 운영에 사용하지 않습니다.,adopt|revise|reject,"normal=제품=덱스피드연질캡슐(덱시부프로펜); 품목기준코드=201110646; 규칙=OTC-RULE-006/pregnancy_lactation; 적용조건=item_sequence=198601920 AND flags=pregnancy_lactation; 예상문구=임신 또는 수유 중 주의가 필요한 제품이 포함되어 있습니다.|boundary=제품=덱스피드연질캡슐(덱시부프로펜); 품목기준코드=201110646; 규칙=OTC-RULE-006/pregnancy_lactation; 적용조건=item_sequence=198601920 AND flags=pregnancy_lactation; 숫자 조건은 포함 경계값과 바로 밖 값을, 문자 조건은 정확히 일치하는 값과 불일치하는 값을 검사; 포함·일치 값의 예상문구=임신 또는 수유 중 주의가 필요한 제품이 포함되어 있습니다.; 제외·불일치 값에서는 OTC-RULE-006 미발동|non_target=품목기준코드!=201110646; 동일 조건 입력; 예상=OTC-RULE-006 미발동|false_positive=제품=덱스피드연질캡슐(덱시부프로펜); 품목기준코드=201110646; 규칙=OTC-RULE-006/pregnancy_lactation; 적용조건 불충족; 예상=OTC-RULE-006 미발동",,,,,
EXP-OTC-01-NB-P2-B7-hepatic_disease,OTC-V51-EU-ab6864f3cd1cc752,OTC-RULE-007,hepatic_disease,released,inactive_candidate,2,alternative_context,덱스피드연질캡슐(덱시부프로펜),201110646,ING-dexibuprofen,덱시부프로펜,product_authorized_ingredient_set_not_excerpt_attribution,acetaminophen_liver_disease,item_sequence=202106092|ingredient_id=ING-acetaminophen|flags=hepatic_disease,간질환과 관련해 주의가 필요한 제품이 포함되어 있습니다.,복용 전 의사 또는 약사와 상담하세요.,NB,MFDS-NEDRUG-DETAIL,https://nedrug.mfds.go.kr/dsie/pdf/drb/201110646/NB,sha256:1fb48f840d563a2ee2e20c1cf8d9b5d4f5461704db10a8c0970512869889b394,2026-01-02,reported_in_archived_mfds_change_history,baseline_git_blob:research_v3/otc/raw/nedrug/201110646/detail.html#tblChf; change_item=사용상주의사항변경(부작용포함),,2026-07-14,2026-07-14T02:56:31.878369+00:00,"사용상의주의사항 PDF p.2, 문단 7",4) 심한 간장애 환자,"사용상의주의사항 PDF p.2, 문단 4-22","1) 위장관궤양이 있거나 징후가 있는 환자, 또는 그 재발병력이 있는 환자

2) 위장관이나 뇌혈관 또는 다른 부위의 출혈이 있는 환자

3) 심한 혈액이상 환자

4) 심한 간장애 환자

5) 심한 신장애(신장장애) 환자

6) 심한 심부전 환자

7) 심한 고혈압 환자

8) 이 약 및 이 약의 구성성분에 과민반응이 있는 환자

9) 기관지 천식 또는 그 병력이 있는 환자

10) 아스피린이나 다른 비스테로이드성 소염(항염)진통제(COX-2 억제제 포함)에 대하여 천식, 두드러기 또

는 알레르기 반응 병력이 있는 환자(이러한 환자에서 비스테로이드성 소염(항염)진통제 투여후 치명적인 중

증(심한 증상)의 아나필락시스(과민성)모양 반응이 드물게 보고되었다.)

11) 관상동맥 우회로술(CABG) 전후에 발생하는 통증의 치료

12) 임신 6개월 이상의 임부(비스테로이드성 소염(항염)진통제와 마찬가지로 임신 말기에 이 약을 투여 시

태아의 동맥관을 조기 폐쇄시킬 수 있다.)

13) 크론병 또는 궤양성대장염과 같은 염증성장질환 환자

14) 이전의 비스테로이드성 소염(항염)진통제 치료로 인해, 위장관 출혈 또는 천공(뚫림)이 발생한 병력이 있

는 환자

3. 이 약을 복용하는 동안 다음의 약을 복용하지 말 것.","사용상의주의사항 PDF p.2, 문단 7",4) 심한 간장애 환자,,,,,false,,src/lib/otc/engine.ts:1016,true,text:OTC-V51-TEXT-1d70c5049f597492,needs_expert_review,shortlisted_context_not_expert_verified,이 원문이 제안한 제품·성분·조건과 사용자 문구를 직접 지지하는지 확인하세요. 참조 규칙 실행 조건이 허가 범위를 넘지 않는지도 확인하세요. 이 후보는 전문가 승인 전까지 운영에 사용하지 않습니다.,adopt|revise|reject,"normal=제품=덱스피드연질캡슐(덱시부프로펜); 품목기준코드=201110646; 규칙=OTC-RULE-007/hepatic_disease; 적용조건=item_sequence=202106092 AND ingredient_id=ING-acetaminophen AND flags=hepatic_disease; 예상문구=간질환과 관련해 주의가 필요한 제품이 포함되어 있습니다.|boundary=제품=덱스피드연질캡슐(덱시부프로펜); 품목기준코드=201110646; 규칙=OTC-RULE-007/hepatic_disease; 적용조건=item_sequence=202106092 AND ingredient_id=ING-acetaminophen AND flags=hepatic_disease; 숫자 조건은 포함 경계값과 바로 밖 값을, 문자 조건은 정확히 일치하는 값과 불일치하는 값을 검사; 포함·일치 값의 예상문구=간질환과 관련해 주의가 필요한 제품이 포함되어 있습니다.; 제외·불일치 값에서는 OTC-RULE-007 미발동|non_target=품목기준코드!=201110646; 동일 조건 입력; 예상=OTC-RULE-007 미발동|false_positive=제품=덱스피드연질캡슐(덱시부프로펜); 품목기준코드=201110646; 규칙=OTC-RULE-007/hepatic_disease; 적용조건 불충족; 예상=OTC-RULE-007 미발동",,,,,
EXP-OTC-01-NB-P2-B8-renal_disease,OTC-V51-EU-831b8462268582e2,OTC-RULE-008,renal_disease,released,inactive_candidate,2,alternative_context,덱스피드연질캡슐(덱시부프로펜),201110646,ING-dexibuprofen,덱시부프로펜,product_authorized_ingredient_set_not_excerpt_attribution,ibuprofen_kidney_disease,item_sequence=198601920|flags=renal_disease,신장질환과 관련해 주의가 필요한 제품이 포함되어 있습니다.,복용 전 의사 또는 약사와 상담하세요.,NB,MFDS-NEDRUG-DETAIL,https://nedrug.mfds.go.kr/dsie/pdf/drb/201110646/NB,sha256:1fb48f840d563a2ee2e20c1cf8d9b5d4f5461704db10a8c0970512869889b394,2026-01-02,reported_in_archived_mfds_change_history,baseline_git_blob:research_v3/otc/raw/nedrug/201110646/detail.html#tblChf; change_item=사용상주의사항변경(부작용포함),,2026-07-14,2026-07-14T02:56:31.878369+00:00,"사용상의주의사항 PDF p.2, 문단 8",5) 심한 신장애(신장장애) 환자,"사용상의주의사항 PDF p.2, 문단 4-22","1) 위장관궤양이 있거나 징후가 있는 환자, 또는 그 재발병력이 있는 환자

2) 위장관이나 뇌혈관 또는 다른 부위의 출혈이 있는 환자

3) 심한 혈액이상 환자

4) 심한 간장애 환자

5) 심한 신장애(신장장애) 환자

6) 심한 심부전 환자

7) 심한 고혈압 환자

8) 이 약 및 이 약의 구성성분에 과민반응이 있는 환자

9) 기관지 천식 또는 그 병력이 있는 환자

10) 아스피린이나 다른 비스테로이드성 소염(항염)진통제(COX-2 억제제 포함)에 대하여 천식, 두드러기 또

는 알레르기 반응 병력이 있는 환자(이러한 환자에서 비스테로이드성 소염(항염)진통제 투여후 치명적인 중

증(심한 증상)의 아나필락시스(과민성)모양 반응이 드물게 보고되었다.)

11) 관상동맥 우회로술(CABG) 전후에 발생하는 통증의 치료

12) 임신 6개월 이상의 임부(비스테로이드성 소염(항염)진통제와 마찬가지로 임신 말기에 이 약을 투여 시

태아의 동맥관을 조기 폐쇄시킬 수 있다.)

13) 크론병 또는 궤양성대장염과 같은 염증성장질환 환자

14) 이전의 비스테로이드성 소염(항염)진통제 치료로 인해, 위장관 출혈 또는 천공(뚫림)이 발생한 병력이 있

는 환자

3. 이 약을 복용하는 동안 다음의 약을 복용하지 말 것.","사용상의주의사항 PDF p.2, 문단 8",5) 심한 신장애(신장장애) 환자,,,,,false,,src/lib/otc/engine.ts:1023,true,text:OTC-V51-TEXT-07c380921f445515,needs_expert_review,shortlisted_context_not_expert_verified,이 원문이 제안한 제품·성분·조건과 사용자 문구를 직접 지지하는지 확인하세요. 참조 규칙 실행 조건이 허가 범위를 넘지 않는지도 확인하세요. 이 후보는 전문가 승인 전까지 운영에 사용하지 않습니다.,adopt|revise|reject,"normal=제품=덱스피드연질캡슐(덱시부프로펜); 품목기준코드=201110646; 규칙=OTC-RULE-008/renal_disease; 적용조건=item_sequence=198601920 AND flags=renal_disease; 예상문구=신장질환과 관련해 주의가 필요한 제품이 포함되어 있습니다.|boundary=제품=덱스피드연질캡슐(덱시부프로펜); 품목기준코드=201110646; 규칙=OTC-RULE-008/renal_disease; 적용조건=item_sequence=198601920 AND flags=renal_disease; 숫자 조건은 포함 경계값과 바로 밖 값을, 문자 조건은 정확히 일치하는 값과 불일치하는 값을 검사; 포함·일치 값의 예상문구=신장질환과 관련해 주의가 필요한 제품이 포함되어 있습니다.; 제외·불일치 값에서는 OTC-RULE-008 미발동|non_target=품목기준코드!=201110646; 동일 조건 입력; 예상=OTC-RULE-008 미발동|false_positive=제품=덱스피드연질캡슐(덱시부프로펜); 품목기준코드=201110646; 규칙=OTC-RULE-008/renal_disease; 적용조건 불충족; 예상=OTC-RULE-008 미발동",,,,,
EXP-OTC-01-NB-P3-B17-sedation_driving,OTC-V51-EU-e8ab47919ecaf56c,OTC-RULE-010,sedation_driving,released,inactive_candidate,2,alternative_context,덱스피드연질캡슐(덱시부프로펜),201110646,ING-dexibuprofen,덱시부프로펜,product_authorized_ingredient_set_not_excerpt_attribution,pancol_a_driving,item_sequence=196800036|flags=sedation_driving,졸림을 유발해 운전이나 기계 조작에 영향을 줄 수 있습니다.,운전·기계 조작을 피하고 허가사항을 확인하세요.,NB,MFDS-NEDRUG-DETAIL,https://nedrug.mfds.go.kr/dsie/pdf/drb/201110646/NB,sha256:1fb48f840d563a2ee2e20c1cf8d9b5d4f5461704db10a8c0970512869889b394,2026-01-02,reported_in_archived_mfds_change_history,baseline_git_blob:research_v3/otc/raw/nedrug/201110646/detail.html#tblChf; change_item=사용상주의사항변경(부작용포함),,2026-07-14,2026-07-14T02:56:31.878369+00:00,"사용상의주의사항 PDF p.3, 문단 17",이 있다. 그러므로 운전이나 기계를 작동하는 경우에는 주의해서 복용해야 한다. 1회 또는 단기간 복용하는,"사용상의주의사항 PDF p.3, 문단 16-18","2) 이 약을 복용하면 이상반응으로 어지러움 또는 피로가 나타날 수 있어서 환자의 반응능력이 감소할 가능성

이 있다. 그러므로 운전이나 기계를 작동하는 경우에는 주의해서 복용해야 한다. 1회 또는 단기간 복용하는

경우에는 특별한 주의가 필요하지 않다.","사용상의주의사항 PDF p.3, 문단 17",이 있다. 그러므로 운전이나 기계를 작동하는 경우에는 주의해서 복용해야 한다. 1회 또는 단기간 복용하는,,,,,false,,src/lib/otc/engine.ts:1037,false,,needs_expert_review,shortlisted_context_not_expert_verified,이 원문이 제안한 제품·성분·조건과 사용자 문구를 직접 지지하는지 확인하세요. 참조 규칙 실행 조건이 허가 범위를 넘지 않는지도 확인하세요. 이 후보는 전문가 승인 전까지 운영에 사용하지 않습니다.,adopt|revise|reject,"normal=제품=덱스피드연질캡슐(덱시부프로펜); 품목기준코드=201110646; 규칙=OTC-RULE-010/sedation_driving; 적용조건=item_sequence=196800036 AND flags=sedation_driving; 예상문구=졸림을 유발해 운전이나 기계 조작에 영향을 줄 수 있습니다.|boundary=제품=덱스피드연질캡슐(덱시부프로펜); 품목기준코드=201110646; 규칙=OTC-RULE-010/sedation_driving; 적용조건=item_sequence=196800036 AND flags=sedation_driving; 숫자 조건은 포함 경계값과 바로 밖 값을, 문자 조건은 정확히 일치하는 값과 불일치하는 값을 검사; 포함·일치 값의 예상문구=졸림을 유발해 운전이나 기계 조작에 영향을 줄 수 있습니다.; 제외·불일치 값에서는 OTC-RULE-010 미발동|non_target=품목기준코드!=201110646; 동일 조건 입력; 예상=OTC-RULE-010 미발동|false_positive=제품=덱스피드연질캡슐(덱시부프로펜); 품목기준코드=201110646; 규칙=OTC-RULE-010/sedation_driving; 적용조건 불충족; 예상=OTC-RULE-010 미발동",,,,,
EXP-OTC-01-NB-P3-B19-maximum_duration,OTC-V51-EU-57139ac9ca0c97b4,OTC-RULE-015,maximum_duration,draft,inactive_candidate,2,alternative_context,덱스피드연질캡슐(덱시부프로펜),201110646,ING-dexibuprofen,덱시부프로펜,product_authorized_ingredient_set_not_excerpt_attribution,pancol_a_continuous_use,scope_only_no_structured_binding,허가된 연속 복용 기간을 넘었을 수 있습니다.,증상이 지속되면 추가 복용 대신 약사 또는 의사와 상담하세요.,NB,MFDS-NEDRUG-DETAIL,https://nedrug.mfds.go.kr/dsie/pdf/drb/201110646/NB,sha256:1fb48f840d563a2ee2e20c1cf8d9b5d4f5461704db10a8c0970512869889b394,2026-01-02,reported_in_archived_mfds_change_history,baseline_git_blob:research_v3/otc/raw/nedrug/201110646/detail.html#tblChf; change_item=사용상주의사항변경(부작용포함),,2026-07-14,2026-07-14T02:56:31.878369+00:00,"사용상의주의사항 PDF p.3, 문단 19",3) 장기간 동안 고용량으로 복용하면 두통이 유발될 수 있다.,"사용상의주의사항 PDF p.3, 문단 19",3) 장기간 동안 고용량으로 복용하면 두통이 유발될 수 있다.,"사용상의주의사항 PDF p.3, 문단 19",3) 장기간 동안 고용량으로 복용하면 두통이 유발될 수 있다.,,,,,false,,src/lib/otc/engine.ts:991,false,,needs_expert_review,shortlisted_context_not_expert_verified,이 원문이 제안한 제품·성분·조건과 사용자 문구를 직접 지지하는지 확인하세요. 참조 규칙 실행 조건이 허가 범위를 넘지 않는지도 확인하세요. 이 후보는 전문가 승인 전까지 운영에 사용하지 않습니다.,adopt|revise|reject,"normal=제품=덱스피드연질캡슐(덱시부프로펜); 품목기준코드=201110646; 규칙=OTC-RULE-015/maximum_duration; 적용조건=scope_only_no_structured_binding; 예상문구=허가된 연속 복용 기간을 넘었을 수 있습니다.|boundary=제품=덱스피드연질캡슐(덱시부프로펜); 품목기준코드=201110646; 규칙=OTC-RULE-015/maximum_duration; 적용조건=scope_only_no_structured_binding; 숫자 조건은 포함 경계값과 바로 밖 값을, 문자 조건은 정확히 일치하는 값과 불일치하는 값을 검사; 포함·일치 값의 예상문구=허가된 연속 복용 기간을 넘었을 수 있습니다.; 제외·불일치 값에서는 OTC-RULE-015 미발동|non_target=품목기준코드!=201110646; 동일 조건 입력; 예상=OTC-RULE-015 미발동|false_positive=제품=덱스피드연질캡슐(덱시부프로펜); 품목기준코드=201110646; 규칙=OTC-RULE-015/maximum_duration; 적용조건 불충족; 예상=OTC-RULE-015 미발동",,,,,
EXP-OTC-01-NB-P4-B19-anticoagulant_antiplatelet,OTC-V51-EU-24931192fe257444,OTC-RULE-012,anticoagulant_antiplatelet,released,inactive_candidate,2,alternative_context,덱스피드연질캡슐(덱시부프로펜),201110646,ING-dexibuprofen,덱시부프로펜,product_authorized_ingredient_set_not_excerpt_attribution,ibuprofen_warfarin_or_coumarin_anticoagulant,item_sequence=198601920|flags=anticoagulant_antiplatelet,항응고제 또는 항혈소판제와 병용할 때 주의가 필요할 수 있습니다.,복용 전 처방한 의료진 또는 약사와 상담하세요.,NB,MFDS-NEDRUG-DETAIL,https://nedrug.mfds.go.kr/dsie/pdf/drb/201110646/NB,sha256:1fb48f840d563a2ee2e20c1cf8d9b5d4f5461704db10a8c0970512869889b394,2026-01-02,reported_in_archived_mfds_change_history,baseline_git_blob:research_v3/otc/raw/nedrug/201110646/detail.html#tblChf; change_item=사용상주의사항변경(부작용포함),,2026-07-14,2026-07-14T02:56:31.878369+00:00,"사용상의주의사항 PDF p.4, 문단 19",19) 혈액응고장애가 있거나 항응고제를 투여받고 있는 환자,"사용상의주의사항 PDF p.4, 문단 1-24","6) 고혈압 환자

7) 과민반응의 병력이 있는 환자

8) 전신홍반(붉은 반점)루프스(SLE) 및 혼합결합조직병(MCTD) 환자

9) 고령자(노인)(이상반응이 나타나기 쉬우므로 소량부터 투여를 개시하고 필요한 최소량으로 투여하며, 이

상반응의 발현(드러냄)에 특히 유의하는 등 환자의 상태를 관찰하면서 신중히 투여한다.)

10) 6세 이상의 어린이(6세 미만의 어린이에 대한 안전성 및 유효성은 확립되어 있지 않다. 6세 이상의 어린

이에 있어서는 필요한 최소량으로 신중히 투여하고 이상반응의 발현(드러냄)에 특히 유의한다.)

11) 위암 환자

12) 알코올중독 환자

13) 임신 초기, 중기의 임부[동물실험에서 대사독성(고투여량에서 착상수 및 생존수의 억제가 보였음)이 보

고되어 있으며, 다른 해열진통소염(항염)제에서 태아순환지속증(PEO) 일어났다는 보고가 있다.], 임신을 계

획하는 여성(다른 프로스타글란딘 합성 억제제와 같이 이 약은 생식력을 감소시킨다. 임신이 어려운 여성이

나 불임검사를 받고 있는 여성은 이 약의 투여중단을 고려해야 한다.), 임신하고 있을 가능성이 있는 여성

14) 허혈심장병, 말초동맥질환, 뇌혈관 질환 환자

15) 심혈관 질환의 위험인자가 있는 환자(예, 고혈압, 고지혈증, 당뇨병, 흡연)

16) 간성 포르피린증이 있는 환자(이 약 사용으로 발작을 일으킬 수 있다.)

17) 혈액부족을 초래한 중대한 외과수술을 받은 환자

18) 이뇨제 또는 ACE 억제제를 투여 중인 환자

19) 혈액응고장애가 있거나 항응고제를 투여받고 있는 환자

20) 과거 비스테로이드성 소염(항염)진통제의 장기투여로 인한 소화관 궤양이 있는 환자로서, 이 약의 장기

투여가 필요하여 미소프로스톨 등으로 소화성궤양 치료를 병행하고 있는 환자(미소프로스톨에 의한 치료에

저항성을 나타내는 소화성궤양도 있으므로 이 약을 투여하는 중 충분히 경과를 관찰한다.)

21) 다음의 약물을 복용하는 환자

(1) 코르티코스테로이드, 알코올 : 위장관계 이상반응, 위장관 출혈의 위험이 있다.","사용상의주의사항 PDF p.4, 문단 19",19) 혈액응고장애가 있거나 항응고제를 투여받고 있는 환자,,,,,false,,src/lib/otc/engine.ts:1061,false,,needs_expert_review,shortlisted_context_not_expert_verified,이 원문이 제안한 제품·성분·조건과 사용자 문구를 직접 지지하는지 확인하세요. 참조 규칙 실행 조건이 허가 범위를 넘지 않는지도 확인하세요. 이 후보는 전문가 승인 전까지 운영에 사용하지 않습니다.,adopt|revise|reject,"normal=제품=덱스피드연질캡슐(덱시부프로펜); 품목기준코드=201110646; 규칙=OTC-RULE-012/anticoagulant_antiplatelet; 적용조건=item_sequence=198601920 AND flags=anticoagulant_antiplatelet; 예상문구=항응고제 또는 항혈소판제와 병용할 때 주의가 필요할 수 있습니다.|boundary=제품=덱스피드연질캡슐(덱시부프로펜); 품목기준코드=201110646; 규칙=OTC-RULE-012/anticoagulant_antiplatelet; 적용조건=item_sequence=198601920 AND flags=anticoagulant_antiplatelet; 숫자 조건은 포함 경계값과 바로 밖 값을, 문자 조건은 정확히 일치하는 값과 불일치하는 값을 검사; 포함·일치 값의 예상문구=항응고제 또는 항혈소판제와 병용할 때 주의가 필요할 수 있습니다.; 제외·불일치 값에서는 OTC-RULE-012 미발동|non_target=품목기준코드!=201110646; 동일 조건 입력; 예상=OTC-RULE-012 미발동|false_positive=제품=덱스피드연질캡슐(덱시부프로펜); 품목기준코드=201110646; 규칙=OTC-RULE-012/anticoagulant_antiplatelet; 적용조건 불충족; 예상=OTC-RULE-012 미발동",,,,,
EXP-OTC-01-NB-P5-B28-sedative_medication,OTC-V51-EU-b050a3810011a3f3,OTC-RULE-013,sedative_medication,released,inactive_candidate,2,alternative_context,덱스피드연질캡슐(덱시부프로펜),201110646,ING-dexibuprofen,덱시부프로펜,product_authorized_ingredient_set_not_excerpt_attribution,pancol_a_sedative_or_overlapping_cold_medicine,item_sequence=196800036|flags=sedative_medication,진정 작용이 있는 약물과 함께 복용할 때 주의가 필요할 수 있습니다.,복용 전 약사 또는 의사와 상담하세요.,NB,MFDS-NEDRUG-DETAIL,https://nedrug.mfds.go.kr/dsie/pdf/drb/201110646/NB,sha256:1fb48f840d563a2ee2e20c1cf8d9b5d4f5461704db10a8c0970512869889b394,2026-01-02,reported_in_archived_mfds_change_history,baseline_git_blob:research_v3/otc/raw/nedrug/201110646/detail.html#tblChf; change_item=사용상주의사항변경(부작용포함),,2026-07-14,2026-07-14T02:56:31.878369+00:00,"사용상의주의사항 PDF p.5, 문단 28","(13) CYP2C8, CYP2C9의 유도제(예, 리팜피신, 페노바르비탈) : 이 약의 대사를 증가하고 약효를 감소시킬","사용상의주의사항 PDF p.5, 문단 28-29","(13) CYP2C8, CYP2C9의 유도제(예, 리팜피신, 페노바르비탈) : 이 약의 대사를 증가하고 약효를 감소시킬

수 있다.","사용상의주의사항 PDF p.5, 문단 28","(13) CYP2C8, CYP2C9의 유도제(예, 리팜피신, 페노바르비탈) : 이 약의 대사를 증가하고 약효를 감소시킬",,,,,false,,src/lib/otc/engine.ts:1077,false,,needs_expert_review,shortlisted_context_not_expert_verified,이 원문이 제안한 제품·성분·조건과 사용자 문구를 직접 지지하는지 확인하세요. 참조 규칙 실행 조건이 허가 범위를 넘지 않는지도 확인하세요. 이 후보는 전문가 승인 전까지 운영에 사용하지 않습니다.,adopt|revise|reject,"normal=제품=덱스피드연질캡슐(덱시부프로펜); 품목기준코드=201110646; 규칙=OTC-RULE-013/sedative_medication; 적용조건=item_sequence=196800036 AND flags=sedative_medication; 예상문구=진정 작용이 있는 약물과 함께 복용할 때 주의가 필요할 수 있습니다.|boundary=제품=덱스피드연질캡슐(덱시부프로펜); 품목기준코드=201110646; 규칙=OTC-RULE-013/sedative_medication; 적용조건=item_sequence=196800036 AND flags=sedative_medication; 숫자 조건은 포함 경계값과 바로 밖 값을, 문자 조건은 정확히 일치하는 값과 불일치하는 값을 검사; 포함·일치 값의 예상문구=진정 작용이 있는 약물과 함께 복용할 때 주의가 필요할 수 있습니다.; 제외·불일치 값에서는 OTC-RULE-013 미발동|non_target=품목기준코드!=201110646; 동일 조건 입력; 예상=OTC-RULE-013 미발동|false_positive=제품=덱스피드연질캡슐(덱시부프로펜); 품목기준코드=201110646; 규칙=OTC-RULE-013/sedative_medication; 적용조건 불충족; 예상=OTC-RULE-013 미발동",,,,,
EXP-OTC-01-NB-P6-B13-urgent_referral,OTC-V51-EU-74e4443569518aa6,OTC-RULE-016,urgent_referral,released,inactive_candidate,2,alternative_context,덱스피드연질캡슐(덱시부프로펜),201110646,ING-dexibuprofen,덱시부프로펜,product_authorized_ingredient_set_not_excerpt_attribution,tylenol500_stop_and_consult_symptoms,item_sequence=202106092|red_flag_terms=호흡곤란;온몸이 붉어짐;혈관부기;두드러기;천식발작;얼굴부기;저혈압;쇽;스티븐스-존슨;스티븐스 존슨;독성표피괴사;리엘 증후군,즉시 상담 또는 진료가 필요한 증상이 입력되었습니다.,지체하지 말고 의료기관 또는 응급상담을 이용하세요.,NB,MFDS-NEDRUG-DETAIL,https://nedrug.mfds.go.kr/dsie/pdf/drb/201110646/NB,sha256:1fb48f840d563a2ee2e20c1cf8d9b5d4f5461704db10a8c0970512869889b394,2026-01-02,reported_in_archived_mfds_change_history,baseline_git_blob:research_v3/otc/raw/nedrug/201110646/detail.html#tblChf; change_item=사용상주의사항변경(부작용포함),,2026-07-14,2026-07-14T02:56:31.878369+00:00,"사용상의주의사항 PDF p.6, 문단 13","6. 다음과 같은 경우 이 약의 복용을 즉시 중지하고 의사, 치과의사, 약사와 상의할 것. 상담시 가능한한 이 첨부","사용상의주의사항 PDF p.6, 문단 13-14","6. 다음과 같은 경우 이 약의 복용을 즉시 중지하고 의사, 치과의사, 약사와 상의할 것. 상담시 가능한한 이 첨부

문서를 소지할 것.","사용상의주의사항 PDF p.6, 문단 13","6. 다음과 같은 경우 이 약의 복용을 즉시 중지하고 의사, 치과의사, 약사와 상의할 것. 상담시 가능한한 이 첨부",,,,,false,,src/lib/otc/engine.ts:1214,false,,needs_expert_review,shortlisted_context_not_expert_verified,이 원문이 제안한 제품·성분·조건과 사용자 문구를 직접 지지하는지 확인하세요. 참조 규칙 실행 조건이 허가 범위를 넘지 않는지도 확인하세요. 이 후보는 전문가 승인 전까지 운영에 사용하지 않습니다.,adopt|revise|reject,"normal=제품=덱스피드연질캡슐(덱시부프로펜); 품목기준코드=201110646; 규칙=OTC-RULE-016/urgent_referral; 적용조건=item_sequence=202106092 AND red_flag_terms=호흡곤란;온몸이 붉어짐;혈관부기;두드러기;천식발작;얼굴부기;저혈압;쇽;스티븐스-존슨;스티븐스 존슨;독성표피괴사;리엘 증후군; 예상문구=즉시 상담 또는 진료가 필요한 증상이 입력되었습니다.|boundary=제품=덱스피드연질캡슐(덱시부프로펜); 품목기준코드=201110646; 규칙=OTC-RULE-016/urgent_referral; 적용조건=item_sequence=202106092 AND red_flag_terms=호흡곤란;온몸이 붉어짐;혈관부기;두드러기;천식발작;얼굴부기;저혈압;쇽;스티븐스-존슨;스티븐스 존슨;독성표피괴사;리엘 증후군; 숫자 조건은 포함 경계값과 바로 밖 값을, 문자 조건은 정확히 일치하는 값과 불일치하는 값을 검사; 포함·일치 값의 예상문구=즉시 상담 또는 진료가 필요한 증상이 입력되었습니다.; 제외·불일치 값에서는 OTC-RULE-016 미발동|non_target=품목기준코드!=201110646; 동일 조건 입력; 예상=OTC-RULE-016 미발동|false_positive=제품=덱스피드연질캡슐(덱시부프로펜); 품목기준코드=201110646; 규칙=OTC-RULE-016/urgent_referral; 적용조건 불충족; 예상=OTC-RULE-016 미발동",,,,,
EXP-OTC-02-NB-P1-B14-age_restriction,OTC-V51-EU-7c1891b1026bee51,OTC-RULE-005,age_restriction,released,inactive_candidate,3,alternative_context,낙센정(나프록센),197500016,ING-naproxen,나프록센,product_authorized_ingredient_set_not_excerpt_attribution,tylenol500_minimum_age_12,item_sequence=202106092|minimum_age_years=12,입력한 연령에 적용되는 제한 또는 별도 용량 기준이 있습니다.,소아·고령자 용법을 제품 허가사항과 전문가에게 확인하세요.,NB,MFDS-NEDRUG-DETAIL,https://nedrug.mfds.go.kr/dsie/pdf/drb/197500016/NB,sha256:26f401879a1c0d4ba8d9a648564a7cfae48e373086d75ff4daa170f9ed0fe1a6,2024-12-12,reported_in_archived_mfds_change_history,baseline_git_blob:research_v3/otc/raw/nedrug/197500016/detail.html#tblChf; change_item=사용상주의사항변경(부작용포함),,2026-07-14,2026-07-14T02:56:31.878369+00:00,"사용상의주의사항 PDF p.1, 문단 14",있다. 이러한 이상반응은 투여 기간 동안에 경고 증상 없이 발생할 수 있다. 고령자(노인)는 중대한 위장관(창,"사용상의주의사항 PDF p.1, 문단 12-15","3) 위장관(창자)계 위험: 이 약을 포함한 비스테로이드성 소염(항염)진통제는 위 또는 장관(창자)의 출혈, 궤

양 및 천공(뚫림)을 포함한 중대한 위장관(창자)계 이상반응의 위험을 증가시킬 수 있으며, 이는 치명적일 수

있다. 이러한 이상반응은 투여 기간 동안에 경고 증상 없이 발생할 수 있다. 고령자(노인)는 중대한 위장관(창

자)계 이상반응의 위험이 더 클 수 있다.","사용상의주의사항 PDF p.1, 문단 14",있다. 이러한 이상반응은 투여 기간 동안에 경고 증상 없이 발생할 수 있다. 고령자(노인)는 중대한 위장관(창,,,,,false,,src/lib/otc/engine.ts:971,false,,needs_expert_review,shortlisted_context_not_expert_verified,이 원문이 제안한 제품·성분·조건과 사용자 문구를 직접 지지하는지 확인하세요. 참조 규칙 실행 조건이 허가 범위를 넘지 않는지도 확인하세요. 이 후보는 전문가 승인 전까지 운영에 사용하지 않습니다.,adopt|revise|reject,"normal=제품=낙센정(나프록센); 품목기준코드=197500016; 규칙=OTC-RULE-005/age_restriction; 적용조건=item_sequence=202106092 AND minimum_age_years=12; 예상문구=입력한 연령에 적용되는 제한 또는 별도 용량 기준이 있습니다.|boundary=제품=낙센정(나프록센); 품목기준코드=197500016; 규칙=OTC-RULE-005/age_restriction; 적용조건=item_sequence=202106092 AND minimum_age_years=12; 숫자 조건은 포함 경계값과 바로 밖 값을, 문자 조건은 정확히 일치하는 값과 불일치하는 값을 검사; 포함·일치 값의 예상문구=입력한 연령에 적용되는 제한 또는 별도 용량 기준이 있습니다.; 제외·불일치 값에서는 OTC-RULE-005 미발동|non_target=품목기준코드!=197500016; 동일 조건 입력; 예상=OTC-RULE-005 미발동|false_positive=제품=낙센정(나프록센); 품목기준코드=197500016; 규칙=OTC-RULE-005/age_restriction; 적용조건 불충족; 예상=OTC-RULE-005 미발동",,,,,
EXP-OTC-02-NB-P1-B26-hepatic_disease,OTC-V51-EU-b51b2d0ad0a01ad8,OTC-RULE-007,hepatic_disease,released,inactive_candidate,3,alternative_context,낙센정(나프록센),197500016,ING-naproxen,나프록센,product_authorized_ingredient_set_not_excerpt_attribution,acetaminophen_liver_disease,item_sequence=202106092|ingredient_id=ING-acetaminophen|flags=hepatic_disease,간질환과 관련해 주의가 필요한 제품이 포함되어 있습니다.,복용 전 의사 또는 약사와 상담하세요.,NB,MFDS-NEDRUG-DETAIL,https://nedrug.mfds.go.kr/dsie/pdf/drb/197500016/NB,sha256:26f401879a1c0d4ba8d9a648564a7cfae48e373086d75ff4daa170f9ed0fe1a6,2024-12-12,reported_in_archived_mfds_change_history,baseline_git_blob:research_v3/otc/raw/nedrug/197500016/detail.html#tblChf; change_item=사용상주의사항변경(부작용포함),,2026-07-14,2026-07-14T02:56:31.878369+00:00,"사용상의주의사항 PDF p.1, 문단 26",3) 심한 간장애 환자,"사용상의주의사항 PDF p.1, 문단 23-27","2. 다음 환자에는 투여하지 말 것

1) 소화성궤양 환자

2) 심한 혈액이상 환자

3) 심한 간장애 환자

4) 심한 심기능부전 환자","사용상의주의사항 PDF p.1, 문단 26",3) 심한 간장애 환자,,,,,false,,src/lib/otc/engine.ts:1016,true,text:OTC-V51-TEXT-663860aa9bc97155,needs_expert_review,shortlisted_context_not_expert_verified,이 원문이 제안한 제품·성분·조건과 사용자 문구를 직접 지지하는지 확인하세요. 참조 규칙 실행 조건이 허가 범위를 넘지 않는지도 확인하세요. 이 후보는 전문가 승인 전까지 운영에 사용하지 않습니다.,adopt|revise|reject,"normal=제품=낙센정(나프록센); 품목기준코드=197500016; 규칙=OTC-RULE-007/hepatic_disease; 적용조건=item_sequence=202106092 AND ingredient_id=ING-acetaminophen AND flags=hepatic_disease; 예상문구=간질환과 관련해 주의가 필요한 제품이 포함되어 있습니다.|boundary=제품=낙센정(나프록센); 품목기준코드=197500016; 규칙=OTC-RULE-007/hepatic_disease; 적용조건=item_sequence=202106092 AND ingredient_id=ING-acetaminophen AND flags=hepatic_disease; 숫자 조건은 포함 경계값과 바로 밖 값을, 문자 조건은 정확히 일치하는 값과 불일치하는 값을 검사; 포함·일치 값의 예상문구=간질환과 관련해 주의가 필요한 제품이 포함되어 있습니다.; 제외·불일치 값에서는 OTC-RULE-007 미발동|non_target=품목기준코드!=197500016; 동일 조건 입력; 예상=OTC-RULE-007 미발동|false_positive=제품=낙센정(나프록센); 품목기준코드=197500016; 규칙=OTC-RULE-007/hepatic_disease; 적용조건 불충족; 예상=OTC-RULE-007 미발동",,,,,
EXP-OTC-02-NB-P1-B3-alcohol,OTC-V51-EU-4636b4635f36bd78,OTC-RULE-011,alcohol,released,inactive_candidate,3,alternative_context,낙센정(나프록센),197500016,ING-naproxen,나프록센,product_authorized_ingredient_set_not_excerpt_attribution,acetaminophen_regular_alcohol_use,item_sequence=202106092|ingredient_id=ING-acetaminophen|flags=alcohol,음주와 함께 복용할 때 주의가 필요한 제품이 포함되어 있습니다.,음주 중 복용 전 약사 또는 의사와 상담하세요.,NB,MFDS-NEDRUG-DETAIL,https://nedrug.mfds.go.kr/dsie/pdf/drb/197500016/NB,sha256:26f401879a1c0d4ba8d9a648564a7cfae48e373086d75ff4daa170f9ed0fe1a6,2024-12-12,reported_in_archived_mfds_change_history,baseline_git_blob:research_v3/otc/raw/nedrug/197500016/detail.html#tblChf; change_item=사용상주의사항변경(부작용포함),,2026-07-14,2026-07-14T02:56:31.878369+00:00,"사용상의주의사항 PDF p.1, 문단 3",1) 매일 세잔 이상 정기적으로 술을 마시는 사람이 이 약이나 다른 해열진통제를 복용해야 할 경우 반드시 의,"사용상의주의사항 PDF p.1, 문단 1-4","사용상의주의사항

1. 경고

1) 매일 세잔 이상 정기적으로 술을 마시는 사람이 이 약이나 다른 해열진통제를 복용해야 할 경우 반드시 의

사 또는 약사와 상의해야 한다. 이러한 사람이 이 약을 복용하면 위장출혈이 유발될 수 있다.","사용상의주의사항 PDF p.1, 문단 3",1) 매일 세잔 이상 정기적으로 술을 마시는 사람이 이 약이나 다른 해열진통제를 복용해야 할 경우 반드시 의,,,,,false,,src/lib/otc/engine.ts:1044,true,location:OTC-V51-EU-4636b4635f36bd78;text:OTC-V51-TEXT-376e19a8d2c6c54d,needs_expert_review,shortlisted_context_not_expert_verified,이 원문이 제안한 제품·성분·조건과 사용자 문구를 직접 지지하는지 확인하세요. 참조 규칙 실행 조건이 허가 범위를 넘지 않는지도 확인하세요. 이 후보는 전문가 승인 전까지 운영에 사용하지 않습니다.,adopt|revise|reject,"normal=제품=낙센정(나프록센); 품목기준코드=197500016; 규칙=OTC-RULE-011/alcohol; 적용조건=item_sequence=202106092 AND ingredient_id=ING-acetaminophen AND flags=alcohol; 예상문구=음주와 함께 복용할 때 주의가 필요한 제품이 포함되어 있습니다.|boundary=제품=낙센정(나프록센); 품목기준코드=197500016; 규칙=OTC-RULE-011/alcohol; 적용조건=item_sequence=202106092 AND ingredient_id=ING-acetaminophen AND flags=alcohol; 숫자 조건은 포함 경계값과 바로 밖 값을, 문자 조건은 정확히 일치하는 값과 불일치하는 값을 검사; 포함·일치 값의 예상문구=음주와 함께 복용할 때 주의가 필요한 제품이 포함되어 있습니다.; 제외·불일치 값에서는 OTC-RULE-011 미발동|non_target=품목기준코드!=197500016; 동일 조건 입력; 예상=OTC-RULE-011 미발동|false_positive=제품=낙센정(나프록센); 품목기준코드=197500016; 규칙=OTC-RULE-011/alcohol; 적용조건 불충족; 예상=OTC-RULE-011 미발동",,,,,
EXP-OTC-02-NB-P1-B3-duplicate_pharmacologic_class,OTC-V51-EU-4636b4635f36bd78,OTC-RULE-002,duplicate_pharmacologic_class,released,inactive_candidate,3,alternative_context,낙센정(나프록센),197500016,ING-naproxen,나프록센,product_authorized_ingredient_set_not_excerpt_attribution,ibuprofen_and_other_NSAIDs,scope_only_no_structured_binding,같은 NSAID 계열 성분을 함께 복용할 수 있습니다.,함께 복용하지 말고 복용 전 약사 또는 의사와 상담하세요.,NB,MFDS-NEDRUG-DETAIL,https://nedrug.mfds.go.kr/dsie/pdf/drb/197500016/NB,sha256:26f401879a1c0d4ba8d9a648564a7cfae48e373086d75ff4daa170f9ed0fe1a6,2024-12-12,reported_in_archived_mfds_change_history,baseline_git_blob:research_v3/otc/raw/nedrug/197500016/detail.html#tblChf; change_item=사용상주의사항변경(부작용포함),,2026-07-14,2026-07-14T02:56:31.878369+00:00,"사용상의주의사항 PDF p.1, 문단 3",1) 매일 세잔 이상 정기적으로 술을 마시는 사람이 이 약이나 다른 해열진통제를 복용해야 할 경우 반드시 의,"사용상의주의사항 PDF p.1, 문단 1-4","사용상의주의사항

1. 경고

1) 매일 세잔 이상 정기적으로 술을 마시는 사람이 이 약이나 다른 해열진통제를 복용해야 할 경우 반드시 의

사 또는 약사와 상의해야 한다. 이러한 사람이 이 약을 복용하면 위장출혈이 유발될 수 있다.","사용상의주의사항 PDF p.1, 문단 3",1) 매일 세잔 이상 정기적으로 술을 마시는 사람이 이 약이나 다른 해열진통제를 복용해야 할 경우 반드시 의,,,,,false,,src/lib/otc/engine.ts:759,true,location:OTC-V51-EU-4636b4635f36bd78;text:OTC-V51-TEXT-376e19a8d2c6c54d,needs_expert_review,shortlisted_context_not_expert_verified,이 원문이 제안한 제품·성분·조건과 사용자 문구를 직접 지지하는지 확인하세요. 참조 규칙 실행 조건이 허가 범위를 넘지 않는지도 확인하세요. 이 후보는 전문가 승인 전까지 운영에 사용하지 않습니다.,adopt|revise|reject,"normal=제품=낙센정(나프록센); 품목기준코드=197500016; 규칙=OTC-RULE-002/duplicate_pharmacologic_class; 적용조건=scope_only_no_structured_binding; 예상문구=같은 NSAID 계열 성분을 함께 복용할 수 있습니다.|boundary=제품=낙센정(나프록센); 품목기준코드=197500016; 규칙=OTC-RULE-002/duplicate_pharmacologic_class; 적용조건=scope_only_no_structured_binding; 숫자 조건은 포함 경계값과 바로 밖 값을, 문자 조건은 정확히 일치하는 값과 불일치하는 값을 검사; 포함·일치 값의 예상문구=같은 NSAID 계열 성분을 함께 복용할 수 있습니다.; 제외·불일치 값에서는 OTC-RULE-002 미발동|non_target=품목기준코드!=197500016; 동일 조건 입력; 예상=OTC-RULE-002 미발동|false_positive=제품=낙센정(나프록센); 품목기준코드=197500016; 규칙=OTC-RULE-002/duplicate_pharmacologic_class; 적용조건 불충족; 예상=OTC-RULE-002 미발동",,,,,
EXP-OTC-02-NB-P1-B4-gi_bleeding_ulcer,OTC-V51-EU-e7491174dfb5aacb,OTC-RULE-009,gi_bleeding_ulcer,released,inactive_candidate,3,alternative_context,낙센정(나프록센),197500016,ING-naproxen,나프록센,product_authorized_ingredient_set_not_excerpt_attribution,ibuprofen_gi_bleeding_or_ulcer,item_sequence=198601920|flags=gi_bleeding_ulcer,위장관 출혈 또는 궤양 위험과 관련된 제품이 포함되어 있습니다.,복용 전 의사 또는 약사와 상담하세요.,NB,MFDS-NEDRUG-DETAIL,https://nedrug.mfds.go.kr/dsie/pdf/drb/197500016/NB,sha256:26f401879a1c0d4ba8d9a648564a7cfae48e373086d75ff4daa170f9ed0fe1a6,2024-12-12,reported_in_archived_mfds_change_history,baseline_git_blob:research_v3/otc/raw/nedrug/197500016/detail.html#tblChf; change_item=사용상주의사항변경(부작용포함),,2026-07-14,2026-07-14T02:56:31.878369+00:00,"사용상의주의사항 PDF p.1, 문단 4",사 또는 약사와 상의해야 한다. 이러한 사람이 이 약을 복용하면 위장출혈이 유발될 수 있다.,"사용상의주의사항 PDF p.1, 문단 1-4","사용상의주의사항

1. 경고

1) 매일 세잔 이상 정기적으로 술을 마시는 사람이 이 약이나 다른 해열진통제를 복용해야 할 경우 반드시 의

사 또는 약사와 상의해야 한다. 이러한 사람이 이 약을 복용하면 위장출혈이 유발될 수 있다.","사용상의주의사항 PDF p.1, 문단 4",사 또는 약사와 상의해야 한다. 이러한 사람이 이 약을 복용하면 위장출혈이 유발될 수 있다.,,,,,false,,src/lib/otc/engine.ts:1030,true,text:OTC-V51-TEXT-c339e9a702b3d921,needs_expert_review,shortlisted_context_not_expert_verified,이 원문이 제안한 제품·성분·조건과 사용자 문구를 직접 지지하는지 확인하세요. 참조 규칙 실행 조건이 허가 범위를 넘지 않는지도 확인하세요. 이 후보는 전문가 승인 전까지 운영에 사용하지 않습니다.,adopt|revise|reject,"normal=제품=낙센정(나프록센); 품목기준코드=197500016; 규칙=OTC-RULE-009/gi_bleeding_ulcer; 적용조건=item_sequence=198601920 AND flags=gi_bleeding_ulcer; 예상문구=위장관 출혈 또는 궤양 위험과 관련된 제품이 포함되어 있습니다.|boundary=제품=낙센정(나프록센); 품목기준코드=197500016; 규칙=OTC-RULE-009/gi_bleeding_ulcer; 적용조건=item_sequence=198601920 AND flags=gi_bleeding_ulcer; 숫자 조건은 포함 경계값과 바로 밖 값을, 문자 조건은 정확히 일치하는 값과 불일치하는 값을 검사; 포함·일치 값의 예상문구=위장관 출혈 또는 궤양 위험과 관련된 제품이 포함되어 있습니다.; 제외·불일치 값에서는 OTC-RULE-009 미발동|non_target=품목기준코드!=197500016; 동일 조건 입력; 예상=OTC-RULE-009 미발동|false_positive=제품=낙센정(나프록센); 품목기준코드=197500016; 규칙=OTC-RULE-009/gi_bleeding_ulcer; 적용조건 불충족; 예상=OTC-RULE-009 미발동",,,,,
EXP-OTC-02-NB-P1-B5-decongestant_hypertension,OTC-V51-EU-8df5dfc497d1c735,OTC-RULE-014,decongestant_hypertension,released,inactive_candidate,3,alternative_context,낙센정(나프록센),197500016,ING-naproxen,나프록센,product_authorized_ingredient_set_not_excerpt_attribution,pancol_a_phenylephrine_hypertension,item_sequence=196800036|flags=decongestant_hypertension,고혈압 또는 심혈관질환에서 비충혈제거제 주의가 필요할 수 있습니다.,복용 전 의사 또는 약사와 상담하세요.,NB,MFDS-NEDRUG-DETAIL,https://nedrug.mfds.go.kr/dsie/pdf/drb/197500016/NB,sha256:26f401879a1c0d4ba8d9a648564a7cfae48e373086d75ff4daa170f9ed0fe1a6,2024-12-12,reported_in_archived_mfds_change_history,baseline_git_blob:research_v3/otc/raw/nedrug/197500016/detail.html#tblChf; change_item=사용상주의사항변경(부작용포함),,2026-07-14,2026-07-14T02:56:31.878369+00:00,"사용상의주의사항 PDF p.1, 문단 5",2) 심혈관계 위험: 이 약을 포함한 비스테로이드성 소염(항염)진통제는 중대한 심혈관계 혈전 (혈관 막힘)반,"사용상의주의사항 PDF p.1, 문단 5-8","2) 심혈관계 위험: 이 약을 포함한 비스테로이드성 소염(항염)진통제는 중대한 심혈관계 혈전 (혈관 막힘)반

응, 심근경색증 및 뇌졸중의 위험을 증가시킬 수 있으며, 이는 치명적일 수 있다. 투여 기간에 따라 이러한 위

험이 증가될 수 있다. 심혈관계 질환 또는 심혈관계 질환의 위험 인자가 있는 환자에서는 더 위험할 수도 있

다.","사용상의주의사항 PDF p.1, 문단 5",2) 심혈관계 위험: 이 약을 포함한 비스테로이드성 소염(항염)진통제는 중대한 심혈관계 혈전 (혈관 막힘)반,,,,,false,,src/lib/otc/engine.ts:1051,true,text:OTC-V51-TEXT-984fca6d824445a7,needs_expert_review,shortlisted_context_not_expert_verified,이 원문이 제안한 제품·성분·조건과 사용자 문구를 직접 지지하는지 확인하세요. 참조 규칙 실행 조건이 허가 범위를 넘지 않는지도 확인하세요. 이 후보는 전문가 승인 전까지 운영에 사용하지 않습니다.,adopt|revise|reject,"normal=제품=낙센정(나프록센); 품목기준코드=197500016; 규칙=OTC-RULE-014/decongestant_hypertension; 적용조건=item_sequence=196800036 AND flags=decongestant_hypertension; 예상문구=고혈압 또는 심혈관질환에서 비충혈제거제 주의가 필요할 수 있습니다.|boundary=제품=낙센정(나프록센); 품목기준코드=197500016; 규칙=OTC-RULE-014/decongestant_hypertension; 적용조건=item_sequence=196800036 AND flags=decongestant_hypertension; 숫자 조건은 포함 경계값과 바로 밖 값을, 문자 조건은 정확히 일치하는 값과 불일치하는 값을 검사; 포함·일치 값의 예상문구=고혈압 또는 심혈관질환에서 비충혈제거제 주의가 필요할 수 있습니다.; 제외·불일치 값에서는 OTC-RULE-014 미발동|non_target=품목기준코드!=197500016; 동일 조건 입력; 예상=OTC-RULE-014 미발동|false_positive=제품=낙센정(나프록센); 품목기준코드=197500016; 규칙=OTC-RULE-014/decongestant_hypertension; 적용조건 불충족; 예상=OTC-RULE-014 미발동",,,,,
EXP-OTC-02-NB-P2-B1-renal_disease,OTC-V51-EU-de6b974b33590a4b,OTC-RULE-008,renal_disease,released,inactive_candidate,3,alternative_context,낙센정(나프록센),197500016,ING-naproxen,나프록센,product_authorized_ingredient_set_not_excerpt_attribution,ibuprofen_kidney_disease,item_sequence=198601920|flags=renal_disease,신장질환과 관련해 주의가 필요한 제품이 포함되어 있습니다.,복용 전 의사 또는 약사와 상담하세요.,NB,MFDS-NEDRUG-DETAIL,https://nedrug.mfds.go.kr/dsie/pdf/drb/197500016/NB,sha256:26f401879a1c0d4ba8d9a648564a7cfae48e373086d75ff4daa170f9ed0fe1a6,2024-12-12,reported_in_archived_mfds_change_history,baseline_git_blob:research_v3/otc/raw/nedrug/197500016/detail.html#tblChf; change_item=사용상주의사항변경(부작용포함),,2026-07-14,2026-07-14T02:56:31.878369+00:00,"사용상의주의사항 PDF p.2, 문단 1",5) 심한 신장애(신장장애) 환자,"사용상의주의사항 PDF p.2, 문단 1-23","5) 심한 신장애(신장장애) 환자

6) 심한 고혈압 환자

7) 이 약의 성분 또는 아스피린 등 비스테로이드성 소염(항염)진통제에 과민증이 있는 환자

8) 아스피린이나 다른 비스테로이드성 소염(항염)진통제(COX-2 저해제(억제제) 포함)에 의하여 천식, 비염

(코염), 코의 용종, 두드러기, 알레르기 반응 또는 그 병력이 있는 환자(이러한 환자에서 비스테로이드성 소염

(항염)진통제 투여후 치명적인 중증(심한 증상)의 아나필락시양 반응이 드물게 보고되었다.)

9) 관상동맥(심장동맥) 우회로술(CABG) 전후에 발생하는 통증의 치료

3. 다음 환자에는 신중히 투여할 것

1) 소화성궤양의 병력이 있는 환자

2) 혈액이상 또는 그의 병력이 있는 환자

3) 출혈경향이 있는 환자 (혈소판 기능저하가 나타날 수 있다.)

4) 간장애 또는 그의 병력이 있는 환자

5) 신장애(신장장애) 또는 그의 병력이 있는 환자 및 신혈류량이 저하된 환자

6) 심기능 장애 환자

7) 고혈압 환자

8) 과민증의 병력이 있는 환자

9) 기관지천식 환자

10) 전신성홍반(붉은 반점)성루푸스(SLE) 환자 및 혼합결합조직질환(MCTD) 환자

11) 고령자(노인)

4. 이상반응

1) 과민증 : 드물게 쇽증상(호흡곤란, 혈압강하, 서맥(느린 맥), 식은땀, 부종(부기) 등), PIE증후군(호산구증

가를 수반하는 폐침윤 : 발열, 천명(숨을 쌕쌕거림), 기침, 가래를 동반함), 두드러기, 때때로 발진, 가려움 등

의 과민증상이 나타날 수 있으므로 이러한 경우에는 투여를 중지한다.","사용상의주의사항 PDF p.2, 문단 1",5) 심한 신장애(신장장애) 환자,,,,,false,,src/lib/otc/engine.ts:1023,true,text:OTC-V51-TEXT-07c380921f445515,needs_expert_review,shortlisted_context_not_expert_verified,이 원문이 제안한 제품·성분·조건과 사용자 문구를 직접 지지하는지 확인하세요. 참조 규칙 실행 조건이 허가 범위를 넘지 않는지도 확인하세요. 이 후보는 전문가 승인 전까지 운영에 사용하지 않습니다.,adopt|revise|reject,"normal=제품=낙센정(나프록센); 품목기준코드=197500016; 규칙=OTC-RULE-008/renal_disease; 적용조건=item_sequence=198601920 AND flags=renal_disease; 예상문구=신장질환과 관련해 주의가 필요한 제품이 포함되어 있습니다.|boundary=제품=낙센정(나프록센); 품목기준코드=197500016; 규칙=OTC-RULE-008/renal_disease; 적용조건=item_sequence=198601920 AND flags=renal_disease; 숫자 조건은 포함 경계값과 바로 밖 값을, 문자 조건은 정확히 일치하는 값과 불일치하는 값을 검사; 포함·일치 값의 예상문구=신장질환과 관련해 주의가 필요한 제품이 포함되어 있습니다.; 제외·불일치 값에서는 OTC-RULE-008 미발동|non_target=품목기준코드!=197500016; 동일 조건 입력; 예상=OTC-RULE-008 미발동|false_positive=제품=낙센정(나프록센); 품목기준코드=197500016; 규칙=OTC-RULE-008/renal_disease; 적용조건 불충족; 예상=OTC-RULE-008 미발동",,,,,
EXP-OTC-02-NB-P3-B11-urgent_referral,OTC-V51-EU-75d5599424b9c62f,OTC-RULE-016,urgent_referral,released,inactive_candidate,3,alternative_context,낙센정(나프록센),197500016,ING-naproxen,나프록센,product_authorized_ingredient_set_not_excerpt_attribution,tylenol500_stop_and_consult_symptoms,item_sequence=202106092|red_flag_terms=호흡곤란;온몸이 붉어짐;혈관부기;두드러기;천식발작;얼굴부기;저혈압;쇽;스티븐스-존슨;스티븐스 존슨;독성표피괴사;리엘 증후군,즉시 상담 또는 진료가 필요한 증상이 입력되었습니다.,지체하지 말고 의료기관 또는 응급상담을 이용하세요.,NB,MFDS-NEDRUG-DETAIL,https://nedrug.mfds.go.kr/dsie/pdf/drb/197500016/NB,sha256:26f401879a1c0d4ba8d9a648564a7cfae48e373086d75ff4daa170f9ed0fe1a6,2024-12-12,reported_in_archived_mfds_change_history,baseline_git_blob:research_v3/otc/raw/nedrug/197500016/detail.html#tblChf; change_item=사용상주의사항변경(부작용포함),,2026-07-14,2026-07-14T02:56:31.878369+00:00,"사용상의주의사항 PDF p.3, 문단 11","또는 의식장애 등의 증상이 나타나면 즉시 투여를 중단하고 의사와 상의하며, 특히 자가면역질환(SLE,","사용상의주의사항 PDF p.3, 문단 10-14","6) 정신신경계 : 드물게 무균성 수막염이 보고되어 있으므로 심한 두통, 구역, 구토, 불면, 목이 뻣뻣함, 발열

또는 의식장애 등의 증상이 나타나면 즉시 투여를 중단하고 의사와 상의하며, 특히 자가면역질환(SLE,

MCTD)환자에게는 신중히 투여한다. 또한 때때로 졸음, 인식기능장애 드물게 현기(어지러움), 두통, 수족저

림, 정력감퇴, 피로, 우울, 비정상적인 꿈, 집중능력 상실, 지남력상실(방향감각장애), 불면, 근육통, 근쇠약이

나타날 수 있다.","사용상의주의사항 PDF p.3, 문단 11","또는 의식장애 등의 증상이 나타나면 즉시 투여를 중단하고 의사와 상의하며, 특히 자가면역질환(SLE,",,,,,false,,src/lib/otc/engine.ts:1214,false,,needs_expert_review,shortlisted_context_not_expert_verified,이 원문이 제안한 제품·성분·조건과 사용자 문구를 직접 지지하는지 확인하세요. 참조 규칙 실행 조건이 허가 범위를 넘지 않는지도 확인하세요. 이 후보는 전문가 승인 전까지 운영에 사용하지 않습니다.,adopt|revise|reject,"normal=제품=낙센정(나프록센); 품목기준코드=197500016; 규칙=OTC-RULE-016/urgent_referral; 적용조건=item_sequence=202106092 AND red_flag_terms=호흡곤란;온몸이 붉어짐;혈관부기;두드러기;천식발작;얼굴부기;저혈압;쇽;스티븐스-존슨;스티븐스 존슨;독성표피괴사;리엘 증후군; 예상문구=즉시 상담 또는 진료가 필요한 증상이 입력되었습니다.|boundary=제품=낙센정(나프록센); 품목기준코드=197500016; 규칙=OTC-RULE-016/urgent_referral; 적용조건=item_sequence=202106092 AND red_flag_terms=호흡곤란;온몸이 붉어짐;혈관부기;두드러기;천식발작;얼굴부기;저혈압;쇽;스티븐스-존슨;스티븐스 존슨;독성표피괴사;리엘 증후군; 숫자 조건은 포함 경계값과 바로 밖 값을, 문자 조건은 정확히 일치하는 값과 불일치하는 값을 검사; 포함·일치 값의 예상문구=즉시 상담 또는 진료가 필요한 증상이 입력되었습니다.; 제외·불일치 값에서는 OTC-RULE-016 미발동|non_target=품목기준코드!=197500016; 동일 조건 입력; 예상=OTC-RULE-016 미발동|false_positive=제품=낙센정(나프록센); 품목기준코드=197500016; 규칙=OTC-RULE-016/urgent_referral; 적용조건 불충족; 예상=OTC-RULE-016 미발동",,,,,
EXP-OTC-02-NB-P3-B12-sedation_driving,OTC-V51-EU-ce7be6268a539f3c,OTC-RULE-010,sedation_driving,released,inactive_candidate,3,alternative_context,낙센정(나프록센),197500016,ING-naproxen,나프록센,product_authorized_ingredient_set_not_excerpt_attribution,pancol_a_driving,item_sequence=196800036|flags=sedation_driving,졸림을 유발해 운전이나 기계 조작에 영향을 줄 수 있습니다.,운전·기계 조작을 피하고 허가사항을 확인하세요.,NB,MFDS-NEDRUG-DETAIL,https://nedrug.mfds.go.kr/dsie/pdf/drb/197500016/NB,sha256:26f401879a1c0d4ba8d9a648564a7cfae48e373086d75ff4daa170f9ed0fe1a6,2024-12-12,reported_in_archived_mfds_change_history,baseline_git_blob:research_v3/otc/raw/nedrug/197500016/detail.html#tblChf; change_item=사용상주의사항변경(부작용포함),,2026-07-14,2026-07-14T02:56:31.878369+00:00,"사용상의주의사항 PDF p.3, 문단 12","MCTD)환자에게는 신중히 투여한다. 또한 때때로 졸음, 인식기능장애 드물게 현기(어지러움), 두통, 수족저","사용상의주의사항 PDF p.3, 문단 10-14","6) 정신신경계 : 드물게 무균성 수막염이 보고되어 있으므로 심한 두통, 구역, 구토, 불면, 목이 뻣뻣함, 발열

또는 의식장애 등의 증상이 나타나면 즉시 투여를 중단하고 의사와 상의하며, 특히 자가면역질환(SLE,

MCTD)환자에게는 신중히 투여한다. 또한 때때로 졸음, 인식기능장애 드물게 현기(어지러움), 두통, 수족저

림, 정력감퇴, 피로, 우울, 비정상적인 꿈, 집중능력 상실, 지남력상실(방향감각장애), 불면, 근육통, 근쇠약이

나타날 수 있다.","사용상의주의사항 PDF p.3, 문단 12","MCTD)환자에게는 신중히 투여한다. 또한 때때로 졸음, 인식기능장애 드물게 현기(어지러움), 두통, 수족저",,,,,false,,src/lib/otc/engine.ts:1037,false,,needs_expert_review,shortlisted_context_not_expert_verified,이 원문이 제안한 제품·성분·조건과 사용자 문구를 직접 지지하는지 확인하세요. 참조 규칙 실행 조건이 허가 범위를 넘지 않는지도 확인하세요. 이 후보는 전문가 승인 전까지 운영에 사용하지 않습니다.,adopt|revise|reject,"normal=제품=낙센정(나프록센); 품목기준코드=197500016; 규칙=OTC-RULE-010/sedation_driving; 적용조건=item_sequence=196800036 AND flags=sedation_driving; 예상문구=졸림을 유발해 운전이나 기계 조작에 영향을 줄 수 있습니다.|boundary=제품=낙센정(나프록센); 품목기준코드=197500016; 규칙=OTC-RULE-010/sedation_driving; 적용조건=item_sequence=196800036 AND flags=sedation_driving; 숫자 조건은 포함 경계값과 바로 밖 값을, 문자 조건은 정확히 일치하는 값과 불일치하는 값을 검사; 포함·일치 값의 예상문구=졸림을 유발해 운전이나 기계 조작에 영향을 줄 수 있습니다.; 제외·불일치 값에서는 OTC-RULE-010 미발동|non_target=품목기준코드!=197500016; 동일 조건 입력; 예상=OTC-RULE-010 미발동|false_positive=제품=낙센정(나프록센); 품목기준코드=197500016; 규칙=OTC-RULE-010/sedation_driving; 적용조건 불충족; 예상=OTC-RULE-010 미발동",,,,,
EXP-OTC-02-NB-P4-B22-anticoagulant_antiplatelet,OTC-V51-EU-eee859333a2249ad,OTC-RULE-012,anticoagulant_antiplatelet,released,inactive_candidate,3,alternative_context,낙센정(나프록센),197500016,ING-naproxen,나프록센,product_authorized_ingredient_set_not_excerpt_attribution,ibuprofen_warfarin_or_coumarin_anticoagulant,item_sequence=198601920|flags=anticoagulant_antiplatelet,항응고제 또는 항혈소판제와 병용할 때 주의가 필요할 수 있습니다.,복용 전 처방한 의료진 또는 약사와 상담하세요.,NB,MFDS-NEDRUG-DETAIL,https://nedrug.mfds.go.kr/dsie/pdf/drb/197500016/NB,sha256:26f401879a1c0d4ba8d9a648564a7cfae48e373086d75ff4daa170f9ed0fe1a6,2024-12-12,reported_in_archived_mfds_change_history,baseline_git_blob:research_v3/otc/raw/nedrug/197500016/detail.html#tblChf; change_item=사용상주의사항변경(부작용포함),,2026-07-14,2026-07-14T02:56:31.878369+00:00,"사용상의주의사항 PDF p.4, 문단 22","위험인자로는 경구용 코르티코스테로이드 또는 항응고제 병용(함께 복용), 비스테로이드성 소염(항염)진통제","사용상의주의사항 PDF p.4, 문단 18-25","7) 위장관(창자)계 이상반응 : 이 약을 포함한 비스테로이드성 소염(항염)진통제를 궤양성 질환 또는 위장관

(창자) 출혈의 병력이 있는 환자에게 처방시 극심한 주의를 기울여야 한다. 소화성 궤양 질환 및/또는 위장관

(창자) 출혈의 병력이 있는 환자의 경우 이러한 위험인자가 없는 환자에 비해 비스테로이드성 소염(항염)진통

제 투여시 위장관(창자) 출혈의 발생 위험이 10배 이상 증가하였다. 위장관(창자)계 출혈을 증가시키는 다른

위험인자로는 경구용 코르티코스테로이드 또는 항응고제 병용(함께 복용), 비스테로이드성 소염(항염)진통제

의 장기 사용 알콜 섭취, 고령, 허약한 건강상태 등이 있다. 치명적인 위장관(창자)계 이상반응에 대한 자발적

보고의 대부분은 고령자(노인) 및 허약자에 대한 것이므로, 이러한 환자에게 이 약을 투여시 특별히 주의하여

야 한다.","사용상의주의사항 PDF p.4, 문단 22","위험인자로는 경구용 코르티코스테로이드 또는 항응고제 병용(함께 복용), 비스테로이드성 소염(항염)진통제",,,,,false,,src/lib/otc/engine.ts:1061,false,,needs_expert_review,shortlisted_context_not_expert_verified,이 원문이 제안한 제품·성분·조건과 사용자 문구를 직접 지지하는지 확인하세요. 참조 규칙 실행 조건이 허가 범위를 넘지 않는지도 확인하세요. 이 후보는 전문가 승인 전까지 운영에 사용하지 않습니다.,adopt|revise|reject,"normal=제품=낙센정(나프록센); 품목기준코드=197500016; 규칙=OTC-RULE-012/anticoagulant_antiplatelet; 적용조건=item_sequence=198601920 AND flags=anticoagulant_antiplatelet; 예상문구=항응고제 또는 항혈소판제와 병용할 때 주의가 필요할 수 있습니다.|boundary=제품=낙센정(나프록센); 품목기준코드=197500016; 규칙=OTC-RULE-012/anticoagulant_antiplatelet; 적용조건=item_sequence=198601920 AND flags=anticoagulant_antiplatelet; 숫자 조건은 포함 경계값과 바로 밖 값을, 문자 조건은 정확히 일치하는 값과 불일치하는 값을 검사; 포함·일치 값의 예상문구=항응고제 또는 항혈소판제와 병용할 때 주의가 필요할 수 있습니다.; 제외·불일치 값에서는 OTC-RULE-012 미발동|non_target=품목기준코드!=197500016; 동일 조건 입력; 예상=OTC-RULE-012 미발동|false_positive=제품=낙센정(나프록센); 품목기준코드=197500016; 규칙=OTC-RULE-012/anticoagulant_antiplatelet; 적용조건 불충족; 예상=OTC-RULE-012 미발동",,,,,
EXP-OTC-02-NB-P5-B7-maximum_duration,OTC-V51-EU-154d9781c3497de9,OTC-RULE-015,maximum_duration,draft,inactive_candidate,3,alternative_context,낙센정(나프록센),197500016,ING-naproxen,나프록센,product_authorized_ingredient_set_not_excerpt_attribution,pancol_a_continuous_use,scope_only_no_structured_binding,허가된 연속 복용 기간을 넘었을 수 있습니다.,증상이 지속되면 추가 복용 대신 약사 또는 의사와 상담하세요.,NB,MFDS-NEDRUG-DETAIL,https://nedrug.mfds.go.kr/dsie/pdf/drb/197500016/NB,sha256:26f401879a1c0d4ba8d9a648564a7cfae48e373086d75ff4daa170f9ed0fe1a6,2024-12-12,reported_in_archived_mfds_change_history,baseline_git_blob:research_v3/otc/raw/nedrug/197500016/detail.html#tblChf; change_item=사용상주의사항변경(부작용포함),,2026-07-14,2026-07-14T02:56:31.878369+00:00,"사용상의주의사항 PDF p.5, 문단 7",10) 비스테로이드성 소염(항염)진통제를 장기간 복용시 신장(콩팥)유두괴사나 기타 신장(콩팥) 손상이 일어,"사용상의주의사항 PDF p.5, 문단 7-10","10) 비스테로이드성 소염(항염)진통제를 장기간 복용시 신장(콩팥)유두괴사나 기타 신장(콩팥) 손상이 일어

날 수 있다. 또한, 신혈류를 유지하는데 프로스타글란딘의 역할이 중요하므로, 심부전 환자, 신기능 부전 환

자, 간기능 부전 환자, 이뇨제나 ACE 저해제(억제제)를 투여 중인 환자, 고령자(노인) 등에서는 특별한 주의

가 필요하다. 투약을 중단하면 대부분 치료 전 상태로 회복된다.","사용상의주의사항 PDF p.5, 문단 7",10) 비스테로이드성 소염(항염)진통제를 장기간 복용시 신장(콩팥)유두괴사나 기타 신장(콩팥) 손상이 일어,,,,,false,,src/lib/otc/engine.ts:991,true,text:OTC-V51-TEXT-4eaeab9f37d85e27,needs_expert_review,shortlisted_context_not_expert_verified,이 원문이 제안한 제품·성분·조건과 사용자 문구를 직접 지지하는지 확인하세요. 참조 규칙 실행 조건이 허가 범위를 넘지 않는지도 확인하세요. 이 후보는 전문가 승인 전까지 운영에 사용하지 않습니다.,adopt|revise|reject,"normal=제품=낙센정(나프록센); 품목기준코드=197500016; 규칙=OTC-RULE-015/maximum_duration; 적용조건=scope_only_no_structured_binding; 예상문구=허가된 연속 복용 기간을 넘었을 수 있습니다.|boundary=제품=낙센정(나프록센); 품목기준코드=197500016; 규칙=OTC-RULE-015/maximum_duration; 적용조건=scope_only_no_structured_binding; 숫자 조건은 포함 경계값과 바로 밖 값을, 문자 조건은 정확히 일치하는 값과 불일치하는 값을 검사; 포함·일치 값의 예상문구=허가된 연속 복용 기간을 넘었을 수 있습니다.; 제외·불일치 값에서는 OTC-RULE-015 미발동|non_target=품목기준코드!=197500016; 동일 조건 입력; 예상=OTC-RULE-015 미발동|false_positive=제품=낙센정(나프록센); 품목기준코드=197500016; 규칙=OTC-RULE-015/maximum_duration; 적용조건 불충족; 예상=OTC-RULE-015 미발동",,,,,
EXP-OTC-02-NB-P8-B5-pregnancy_lactation,OTC-V51-EU-04276f4ad304aa85,OTC-RULE-006,pregnancy_lactation,released,inactive_candidate,3,alternative_context,낙센정(나프록센),197500016,ING-naproxen,나프록센,product_authorized_ingredient_set_not_excerpt_attribution,ibuprofen_pregnancy_lactation,item_sequence=198601920|flags=pregnancy_lactation,임신 또는 수유 중 주의가 필요한 제품이 포함되어 있습니다.,복용 전 의사 또는 약사와 상담하세요.,NB,MFDS-NEDRUG-DETAIL,https://nedrug.mfds.go.kr/dsie/pdf/drb/197500016/NB,sha256:26f401879a1c0d4ba8d9a648564a7cfae48e373086d75ff4daa170f9ed0fe1a6,2024-12-12,reported_in_archived_mfds_change_history,baseline_git_blob:research_v3/otc/raw/nedrug/197500016/detail.html#tblChf; change_item=사용상주의사항변경(부작용포함),,2026-07-14,2026-07-14T02:56:31.878369+00:00,"사용상의주의사항 PDF p.8, 문단 5",7. 임부에 대한 투여,"사용상의주의사항 PDF p.8, 문단 5-7","7. 임부에 대한 투여

1) 이 약을 임부에게 투여한 임상자료가 없다. 동물실험에서 주산기(출산전후기)에 투여하여 분만지연, 난산

의 발생 빈도 증가 및 새끼의 생존율 감소가 보고되어 있으므로 임신말기에는 이 약을 투여하지 않는다.","사용상의주의사항 PDF p.8, 문단 5",7. 임부에 대한 투여,,,,,false,,src/lib/otc/engine.ts:1094,false,,needs_expert_review,shortlisted_context_not_expert_verified,이 원문이 제안한 제품·성분·조건과 사용자 문구를 직접 지지하는지 확인하세요. 참조 규칙 실행 조건이 허가 범위를 넘지 않는지도 확인하세요. 이 후보는 전문가 승인 전까지 운영에 사용하지 않습니다.,adopt|revise|reject,"normal=제품=낙센정(나프록센); 품목기준코드=197500016; 규칙=OTC-RULE-006/pregnancy_lactation; 적용조건=item_sequence=198601920 AND flags=pregnancy_lactation; 예상문구=임신 또는 수유 중 주의가 필요한 제품이 포함되어 있습니다.|boundary=제품=낙센정(나프록센); 품목기준코드=197500016; 규칙=OTC-RULE-006/pregnancy_lactation; 적용조건=item_sequence=198601920 AND flags=pregnancy_lactation; 숫자 조건은 포함 경계값과 바로 밖 값을, 문자 조건은 정확히 일치하는 값과 불일치하는 값을 검사; 포함·일치 값의 예상문구=임신 또는 수유 중 주의가 필요한 제품이 포함되어 있습니다.; 제외·불일치 값에서는 OTC-RULE-006 미발동|non_target=품목기준코드!=197500016; 동일 조건 입력; 예상=OTC-RULE-006 미발동|false_positive=제품=낙센정(나프록센); 품목기준코드=197500016; 규칙=OTC-RULE-006/pregnancy_lactation; 적용조건 불충족; 예상=OTC-RULE-006 미발동",,,,,
EXP-OTC-02-UD-P1-B3-minimum_interval,OTC-V51-EU-a85b396b69afbac0,OTC-RULE-004,minimum_interval,released,inactive_candidate,2,alternative_context,낙센정(나프록센),197500016,ING-naproxen,나프록센,product_authorized_ingredient_set_not_excerpt_attribution,tylenol500_age_12_plus,item_sequence=202106092|ingredient_id=ING-acetaminophen|minimum_interval_hours=4,이전 복용 후 확인된 최소 간격이 지나지 않았습니다.,다음 복용 시점을 약사 또는 의사에게 확인하세요.,UD,MFDS-NEDRUG-DETAIL,https://nedrug.mfds.go.kr/dsie/pdf/drb/197500016/UD,sha256:989b9ab7b54bbde65b3d441b208c18d5b5b3c6aeff972ac9e6ba87023ad32944,2010-06-20,reported_in_archived_mfds_change_history,baseline_git_blob:research_v3/otc/raw/nedrug/197500016/detail.html#tblChf; change_item=용법용량변경,,2026-07-14,2026-07-14T02:56:31.878369+00:00,"용법용량 PDF p.1, 문단 3",성인 나프록센으로서 1회 250-500mg 1일 2회(12시간마다) 경구투여(복용)한다.,"용법용량 PDF p.1, 문단 1-3","용법용량

1. 류마티양 관절염, 골관절염, 강직성 척추염

성인 나프록센으로서 1회 250-500mg 1일 2회(12시간마다) 경구투여(복용)한다.","용법용량 PDF p.1, 문단 3",성인 나프록센으로서 1회 250-500mg 1일 2회(12시간마다) 경구투여(복용)한다.,,,,,false,,src/lib/otc/engine.ts:69,false,,needs_expert_review,shortlisted_context_not_expert_verified,이 원문이 제안한 제품·성분·조건과 사용자 문구를 직접 지지하는지 확인하세요. 참조 규칙 실행 조건이 허가 범위를 넘지 않는지도 확인하세요. 이 후보는 전문가 승인 전까지 운영에 사용하지 않습니다.,adopt|revise|reject,"normal=제품=낙센정(나프록센); 품목기준코드=197500016; 규칙=OTC-RULE-004/minimum_interval; 적용조건=item_sequence=202106092 AND ingredient_id=ING-acetaminophen AND minimum_interval_hours=4; 예상문구=이전 복용 후 확인된 최소 간격이 지나지 않았습니다.|boundary=제품=낙센정(나프록센); 품목기준코드=197500016; 규칙=OTC-RULE-004/minimum_interval; 적용조건=item_sequence=202106092 AND ingredient_id=ING-acetaminophen AND minimum_interval_hours=4; 숫자 조건은 포함 경계값과 바로 밖 값을, 문자 조건은 정확히 일치하는 값과 불일치하는 값을 검사; 포함·일치 값의 예상문구=이전 복용 후 확인된 최소 간격이 지나지 않았습니다.; 제외·불일치 값에서는 OTC-RULE-004 미발동|non_target=품목기준코드!=197500016; 동일 조건 입력; 예상=OTC-RULE-004 미발동|false_positive=제품=낙센정(나프록센); 품목기준코드=197500016; 규칙=OTC-RULE-004/minimum_interval; 적용조건 불충족; 예상=OTC-RULE-004 미발동",,,,,
SAFE-OTC-01-NB-P1-B21-sedative_medication,OTC-V51-EU-e1fbe6a1e85a4290,OTC-RULE-013,sedative_medication,released,inactive_candidate,3,alternative_context,타이레놀정500밀리그람(아세트아미노펜),202106092,ING-acetaminophen,아세트아미노펜,product_authorized_ingredient_set_not_excerpt_attribution,pancol_a_sedative_or_overlapping_cold_medicine,item_sequence=196800036|flags=sedative_medication,진정 작용이 있는 약물과 함께 복용할 때 주의가 필요할 수 있습니다.,복용 전 약사 또는 의사와 상담하세요.,NB,MFDS-NEDRUG-DETAIL,https://nedrug.mfds.go.kr/dsie/pdf/drb/202106092/NB,sha256:0c8ea0d7eb164b27673fc8549c42a06d874fdfa26047db8d0681b3a2f79c9442,2026-04-08,reported_in_archived_mfds_change_history,baseline_git_blob:research_v3/otc/raw/nedrug/202106092/detail.html#tblChf; change_item=사용상의 주의사항,,2026-07-14,2026-07-14T02:14:48.264374+00:00,"사용상의주의사항 PDF p.1, 문단 21","8) 다음의 약물을 복용한 환자 : 바르비탈계 약물, 삼환계 항우울제","사용상의주의사항 PDF p.1, 문단 13-25","2. 다음과 같은 사람은 이 약을 복용하지 말 것

1) 이 약에 과민증 환자

2) 소화성궤양 환자

3) 심한 혈액 이상 환자

4) 심한 간장애 환자

5) 심한 신장(콩팥)장애 환자

6) 심한 심장기능저하 환자

7) 아스피린 천식(비스테로이드성 소염(항염)제에 의한 천식발작 유발) 또는 그 병력이 있는 환자

8) 다음의 약물을 복용한 환자 : 바르비탈계 약물, 삼환계 항우울제

9) 알코올을 복용한 사람

3. 다음과 같은 사람은 이 약을 복용하기 전에 의사, 치과의사, 약사와 상의할 것

1) 간장애 또는 그 병력이 있는 환자

2) 신장(콩팥)장애 또는 그 병력이 있는 환자","사용상의주의사항 PDF p.1, 문단 21","8) 다음의 약물을 복용한 환자 : 바르비탈계 약물, 삼환계 항우울제",,,,,false,,src/lib/otc/engine.ts:1077,true,text:OTC-V51-TEXT-8c3fa384a6c017a2,needs_expert_review,shortlisted_context_not_expert_verified,이 원문이 제안한 제품·성분·조건과 사용자 문구를 직접 지지하는지 확인하세요. 참조 규칙 실행 조건이 허가 범위를 넘지 않는지도 확인하세요. 이 후보는 전문가 승인 전까지 운영에 사용하지 않습니다.,adopt|revise|reject,"normal=제품=타이레놀정500밀리그람(아세트아미노펜); 품목기준코드=202106092; 규칙=OTC-RULE-013/sedative_medication; 적용조건=item_sequence=196800036 AND flags=sedative_medication; 예상문구=진정 작용이 있는 약물과 함께 복용할 때 주의가 필요할 수 있습니다.|boundary=제품=타이레놀정500밀리그람(아세트아미노펜); 품목기준코드=202106092; 규칙=OTC-RULE-013/sedative_medication; 적용조건=item_sequence=196800036 AND flags=sedative_medication; 숫자 조건은 포함 경계값과 바로 밖 값을, 문자 조건은 정확히 일치하는 값과 불일치하는 값을 검사; 포함·일치 값의 예상문구=진정 작용이 있는 약물과 함께 복용할 때 주의가 필요할 수 있습니다.; 제외·불일치 값에서는 OTC-RULE-013 미발동|non_target=품목기준코드!=202106092; 동일 조건 입력; 예상=OTC-RULE-013 미발동|false_positive=제품=타이레놀정500밀리그람(아세트아미노펜); 품목기준코드=202106092; 규칙=OTC-RULE-013/sedative_medication; 적용조건 불충족; 예상=OTC-RULE-013 미발동",,,,,
SAFE-OTC-04-NB-P1-B10-max_daily_dose,OTC-V51-EU-fc47fe23e8a99907,OTC-RULE-003,max_daily_dose,released,inactive_candidate,2,alternative_context,어린이타이레놀현탁액(아세트아미노펜),202200525,ING-acetaminophen,아세트아미노펜,product_authorized_ingredient_set_not_excerpt_attribution,acetaminophen_tylenol500_age_12_plus,item_sequence=202106092|ingredient_id=ING-acetaminophen|max_daily_amount=4000,계산된 하루 총량이 확인된 최대 1일 용량을 초과합니다.,추가 복용 전 약사 또는 의사와 상담하세요.,NB,MFDS-NEDRUG-DETAIL,https://nedrug.mfds.go.kr/dsie/pdf/drb/202200525/NB,sha256:5150a7cae99a092b9795b19c9fa1622f0ed1c1bcdd7f34613c0c4a09c0930d4b,2026-04-08,reported_in_archived_mfds_change_history,baseline_git_blob:research_v3/otc/raw/nedrug/202200525/detail.html#tblChf; change_item=사용상의 주의사항,,2026-07-14,2026-07-14T02:10:14.255342+00:00,"사용상의주의사항 PDF p.1, 문단 10","3) 이 약은 아세트아미노펜을 함유하고 있다. 아세트아미노펜으로 일일 최대 용량(4,000mg)을 초과할 경우","사용상의주의사항 PDF p.1, 문단 10-12","3) 이 약은 아세트아미노펜을 함유하고 있다. 아세트아미노펜으로 일일 최대 용량(4,000mg)을 초과할 경우

간손상을 일으킬 수 있으므로 이 약을 일일 최대 용량(4,000mg)을 초과하여 복용하여서는 아니되며, 아세트

아미노펜을 포함하는 다른 제품과 함께 복용하여서는 안 된다.","사용상의주의사항 PDF p.1, 문단 10","3) 이 약은 아세트아미노펜을 함유하고 있다. 아세트아미노펜으로 일일 최대 용량(4,000mg)을 초과할 경우",,,,,false,,src/lib/otc/engine.ts:69,true,text:OTC-V51-TEXT-e838e5f7e2ce0091,needs_expert_review,shortlisted_context_not_expert_verified,이 원문이 제안한 제품·성분·조건과 사용자 문구를 직접 지지하는지 확인하세요. 참조 규칙 실행 조건이 허가 범위를 넘지 않는지도 확인하세요. 이 후보는 전문가 승인 전까지 운영에 사용하지 않습니다.,adopt|revise|reject,"normal=제품=어린이타이레놀현탁액(아세트아미노펜); 품목기준코드=202200525; 규칙=OTC-RULE-003/max_daily_dose; 적용조건=item_sequence=202106092 AND ingredient_id=ING-acetaminophen AND max_daily_amount=4000; 예상문구=계산된 하루 총량이 확인된 최대 1일 용량을 초과합니다.|boundary=제품=어린이타이레놀현탁액(아세트아미노펜); 품목기준코드=202200525; 규칙=OTC-RULE-003/max_daily_dose; 적용조건=item_sequence=202106092 AND ingredient_id=ING-acetaminophen AND max_daily_amount=4000; 숫자 조건은 포함 경계값과 바로 밖 값을, 문자 조건은 정확히 일치하는 값과 불일치하는 값을 검사; 포함·일치 값의 예상문구=계산된 하루 총량이 확인된 최대 1일 용량을 초과합니다.; 제외·불일치 값에서는 OTC-RULE-003 미발동|non_target=품목기준코드!=202200525; 동일 조건 입력; 예상=OTC-RULE-003 미발동|false_positive=제품=어린이타이레놀현탁액(아세트아미노펜); 품목기준코드=202200525; 규칙=OTC-RULE-003/max_daily_dose; 적용조건 불충족; 예상=OTC-RULE-003 미발동",,,,,
SAFE-OTC-04-NB-P1-B12-duplicate_ingredient,OTC-V51-EU-0bc6e865a0f89c5a,OTC-RULE-001,duplicate_ingredient,released,inactive_candidate,2,alternative_context,어린이타이레놀현탁액(아세트아미노펜),202200525,ING-acetaminophen,아세트아미노펜,product_authorized_ingredient_set_not_excerpt_attribution,acetaminophen_containing_selected_products,scope_only_no_structured_binding,같은 유효성분이 여러 제품에 포함되어 있습니다.,각 제품의 성분과 총 복용량을 확인하고 복용 전 약사 또는 의사와 상담하세요.,NB,MFDS-NEDRUG-DETAIL,https://nedrug.mfds.go.kr/dsie/pdf/drb/202200525/NB,sha256:5150a7cae99a092b9795b19c9fa1622f0ed1c1bcdd7f34613c0c4a09c0930d4b,2026-04-08,reported_in_archived_mfds_change_history,baseline_git_blob:research_v3/otc/raw/nedrug/202200525/detail.html#tblChf; change_item=사용상의 주의사항,,2026-07-14,2026-07-14T02:10:14.255342+00:00,"사용상의주의사항 PDF p.1, 문단 12",아미노펜을 포함하는 다른 제품과 함께 복용하여서는 안 된다.,"사용상의주의사항 PDF p.1, 문단 10-12","3) 이 약은 아세트아미노펜을 함유하고 있다. 아세트아미노펜으로 일일 최대 용량(4,000mg)을 초과할 경우

간손상을 일으킬 수 있으므로 이 약을 일일 최대 용량(4,000mg)을 초과하여 복용하여서는 아니되며, 아세트

아미노펜을 포함하는 다른 제품과 함께 복용하여서는 안 된다.","사용상의주의사항 PDF p.1, 문단 12",아미노펜을 포함하는 다른 제품과 함께 복용하여서는 안 된다.,,,,,false,,src/lib/otc/engine.ts:586,true,text:OTC-V51-TEXT-6aface40f4e3dcdf,needs_expert_review,shortlisted_context_not_expert_verified,이 원문이 제안한 제품·성분·조건과 사용자 문구를 직접 지지하는지 확인하세요. 참조 규칙 실행 조건이 허가 범위를 넘지 않는지도 확인하세요. 이 후보는 전문가 승인 전까지 운영에 사용하지 않습니다.,adopt|revise|reject,"normal=제품=어린이타이레놀현탁액(아세트아미노펜); 품목기준코드=202200525; 규칙=OTC-RULE-001/duplicate_ingredient; 적용조건=scope_only_no_structured_binding; 예상문구=같은 유효성분이 여러 제품에 포함되어 있습니다.|boundary=제품=어린이타이레놀현탁액(아세트아미노펜); 품목기준코드=202200525; 규칙=OTC-RULE-001/duplicate_ingredient; 적용조건=scope_only_no_structured_binding; 숫자 조건은 포함 경계값과 바로 밖 값을, 문자 조건은 정확히 일치하는 값과 불일치하는 값을 검사; 포함·일치 값의 예상문구=같은 유효성분이 여러 제품에 포함되어 있습니다.; 제외·불일치 값에서는 OTC-RULE-001 미발동|non_target=품목기준코드!=202200525; 동일 조건 입력; 예상=OTC-RULE-001 미발동|false_positive=제품=어린이타이레놀현탁액(아세트아미노펜); 품목기준코드=202200525; 규칙=OTC-RULE-001/duplicate_ingredient; 적용조건 불충족; 예상=OTC-RULE-001 미발동",,,,,
SAFE-OTC-04-UD-P1-B3-minimum_interval,OTC-V51-EU-e8118938ac57d287,OTC-RULE-004,minimum_interval,released,inactive_candidate,3,alternative_context,어린이타이레놀현탁액(아세트아미노펜),202200525,ING-acetaminophen,아세트아미노펜,product_authorized_ingredient_set_not_excerpt_attribution,tylenol500_age_12_plus,item_sequence=202106092|ingredient_id=ING-acetaminophen|minimum_interval_hours=4,이전 복용 후 확인된 최소 간격이 지나지 않았습니다.,다음 복용 시점을 약사 또는 의사에게 확인하세요.,UD,MFDS-NEDRUG-DETAIL,https://nedrug.mfds.go.kr/dsie/pdf/drb/202200525/UD,sha256:c1cc41edcfa122cf1d0f48546e702504e04a18fe11560d752e789b34dd354300,,not_reported_in_archived_mfds_change_history,,no_ud_entry_in_archived_mfds_change_history,2026-07-14,2026-07-14T02:10:14.255342+00:00,"용법용량 PDF p.1, 문단 3",다음 1회 권장용량을 4-6시간 마다 필요시 복용한다.,"용법용량 PDF p.1, 문단 1-3","용법용량

만 12세 이하의 소아:

다음 1회 권장용량을 4-6시간 마다 필요시 복용한다.","용법용량 PDF p.1, 문단 3",다음 1회 권장용량을 4-6시간 마다 필요시 복용한다.,,,,,false,,src/lib/otc/engine.ts:69,false,,needs_expert_review,shortlisted_context_not_expert_verified,이 원문이 제안한 제품·성분·조건과 사용자 문구를 직접 지지하는지 확인하세요. 참조 규칙 실행 조건이 허가 범위를 넘지 않는지도 확인하세요. 이 후보는 전문가 승인 전까지 운영에 사용하지 않습니다.,adopt|revise|reject,"normal=제품=어린이타이레놀현탁액(아세트아미노펜); 품목기준코드=202200525; 규칙=OTC-RULE-004/minimum_interval; 적용조건=item_sequence=202106092 AND ingredient_id=ING-acetaminophen AND minimum_interval_hours=4; 예상문구=이전 복용 후 확인된 최소 간격이 지나지 않았습니다.|boundary=제품=어린이타이레놀현탁액(아세트아미노펜); 품목기준코드=202200525; 규칙=OTC-RULE-004/minimum_interval; 적용조건=item_sequence=202106092 AND ingredient_id=ING-acetaminophen AND minimum_interval_hours=4; 숫자 조건은 포함 경계값과 바로 밖 값을, 문자 조건은 정확히 일치하는 값과 불일치하는 값을 검사; 포함·일치 값의 예상문구=이전 복용 후 확인된 최소 간격이 지나지 않았습니다.; 제외·불일치 값에서는 OTC-RULE-004 미발동|non_target=품목기준코드!=202200525; 동일 조건 입력; 예상=OTC-RULE-004 미발동|false_positive=제품=어린이타이레놀현탁액(아세트아미노펜); 품목기준코드=202200525; 규칙=OTC-RULE-004/minimum_interval; 적용조건 불충족; 예상=OTC-RULE-004 미발동",,,,,
SAFE-OTC-05-UD-P1-B10-max_daily_dose,OTC-V51-EU-34aeeab7909cb28d,OTC-RULE-003,max_daily_dose,released,inactive_candidate,3,alternative_context,어린이부루펜시럽(이부프로펜),198601920,ING-ibuprofen,이부프로펜,product_authorized_ingredient_set_not_excerpt_attribution,acetaminophen_tylenol500_age_12_plus,item_sequence=202106092|ingredient_id=ING-acetaminophen|max_daily_amount=4000,계산된 하루 총량이 확인된 최대 1일 용량을 초과합니다.,추가 복용 전 약사 또는 의사와 상담하세요.,UD,MFDS-NEDRUG-DETAIL,https://nedrug.mfds.go.kr/dsie/pdf/drb/198601920/UD,sha256:32042f6e2725eb4b2f997244cc3d494278d48ff22b1a7863ba3428167e65df8a,2025-09-10,reported_in_archived_mfds_change_history,baseline_git_blob:research_v3/otc/raw/nedrug/198601920/detail.html#tblChf; change_item=용법·용량,,2026-07-14,2026-07-14T02:10:14.255342+00:00,"용법용량 PDF p.1, 문단 10",어린이 1회 용량 및 1일 최대 용량,"용법용량 PDF p.1, 문단 10-12","어린이 1회 용량 및 1일 최대 용량

연령 1회 용량 1일 최대용량

200~250mg (10~12.","용법용량 PDF p.1, 문단 10",어린이 1회 용량 및 1일 최대 용량,,,,,false,,src/lib/otc/engine.ts:69,false,,needs_expert_review,shortlisted_context_not_expert_verified,이 원문이 제안한 제품·성분·조건과 사용자 문구를 직접 지지하는지 확인하세요. 참조 규칙 실행 조건이 허가 범위를 넘지 않는지도 확인하세요. 이 후보는 전문가 승인 전까지 운영에 사용하지 않습니다.,adopt|revise|reject,"normal=제품=어린이부루펜시럽(이부프로펜); 품목기준코드=198601920; 규칙=OTC-RULE-003/max_daily_dose; 적용조건=item_sequence=202106092 AND ingredient_id=ING-acetaminophen AND max_daily_amount=4000; 예상문구=계산된 하루 총량이 확인된 최대 1일 용량을 초과합니다.|boundary=제품=어린이부루펜시럽(이부프로펜); 품목기준코드=198601920; 규칙=OTC-RULE-003/max_daily_dose; 적용조건=item_sequence=202106092 AND ingredient_id=ING-acetaminophen AND max_daily_amount=4000; 숫자 조건은 포함 경계값과 바로 밖 값을, 문자 조건은 정확히 일치하는 값과 불일치하는 값을 검사; 포함·일치 값의 예상문구=계산된 하루 총량이 확인된 최대 1일 용량을 초과합니다.; 제외·불일치 값에서는 OTC-RULE-003 미발동|non_target=품목기준코드!=198601920; 동일 조건 입력; 예상=OTC-RULE-003 미발동|false_positive=제품=어린이부루펜시럽(이부프로펜); 품목기준코드=198601920; 규칙=OTC-RULE-003/max_daily_dose; 적용조건 불충족; 예상=OTC-RULE-003 미발동",,,,,
SAFE-OTC-10-NB-P1-B12-duplicate_ingredient,OTC-V51-EU-6449fc0333c056eb,OTC-RULE-001,duplicate_ingredient,released,inactive_candidate,3,alternative_context,판콜에이내복액,196800036,ING-acetaminophen;ING-chlorpheniramine_maleate;ING-mf-src-41c782105274;ING-mf-src-4b985f9d3bdb;ING-mf-src-cd3363b1ac1f;ING-mf-src-dc293e7de142,아세트아미노펜;클로르페니라민말레산염;펜톡시베린시트르산염;페닐레프린염산염;구아이페네신;카페인무수물,product_authorized_ingredient_set_not_excerpt_attribution,acetaminophen_containing_selected_products,scope_only_no_structured_binding,같은 유효성분이 여러 제품에 포함되어 있습니다.,각 제품의 성분과 총 복용량을 확인하고 복용 전 약사 또는 의사와 상담하세요.,NB,MFDS-NEDRUG-DETAIL,https://nedrug.mfds.go.kr/dsie/pdf/drb/196800036/NB,sha256:4dc2cc19d6409256b5607f139786118d25b38869a1c47ee0150664b7ea18720d,2025-11-10,reported_in_archived_mfds_change_history,baseline_git_blob:research_v3/otc/raw/nedrug/196800036/detail.html#tblChf; change_item=사용상주의사항변경(부작용포함),,2026-07-14,2026-07-14T02:10:14.255342+00:00,"사용상의주의사항 PDF p.1, 문단 12",아미노펜을 포함하는 다른 제품과 함께 복용하여서는 안 된다.,"사용상의주의사항 PDF p.1, 문단 10-12","3) 이 약은 아세트아미노펜을 함유하고 있다. 아세트아미노펜으로 일일 최대 용량(4,000mg)을 초과할 경우

간손상을 일으킬 수 있으므로 이 약을 일일 최대 용량(4000mg)을 초과하여 복용하여서는 아니되며, 아세트

아미노펜을 포함하는 다른 제품과 함께 복용하여서는 안 된다.","사용상의주의사항 PDF p.1, 문단 12",아미노펜을 포함하는 다른 제품과 함께 복용하여서는 안 된다.,,,,,false,,src/lib/otc/engine.ts:586,true,text:OTC-V51-TEXT-6aface40f4e3dcdf,needs_expert_review,shortlisted_context_not_expert_verified,이 원문이 제안한 제품·성분·조건과 사용자 문구를 직접 지지하는지 확인하세요. 참조 규칙 실행 조건이 허가 범위를 넘지 않는지도 확인하세요. 이 후보는 전문가 승인 전까지 운영에 사용하지 않습니다.,adopt|revise|reject,"normal=제품=판콜에이내복액; 품목기준코드=196800036; 규칙=OTC-RULE-001/duplicate_ingredient; 적용조건=scope_only_no_structured_binding; 예상문구=같은 유효성분이 여러 제품에 포함되어 있습니다.|boundary=제품=판콜에이내복액; 품목기준코드=196800036; 규칙=OTC-RULE-001/duplicate_ingredient; 적용조건=scope_only_no_structured_binding; 숫자 조건은 포함 경계값과 바로 밖 값을, 문자 조건은 정확히 일치하는 값과 불일치하는 값을 검사; 포함·일치 값의 예상문구=같은 유효성분이 여러 제품에 포함되어 있습니다.; 제외·불일치 값에서는 OTC-RULE-001 미발동|non_target=품목기준코드!=196800036; 동일 조건 입력; 예상=OTC-RULE-001 미발동|false_positive=제품=판콜에이내복액; 품목기준코드=196800036; 규칙=OTC-RULE-001/duplicate_ingredient; 적용조건 불충족; 예상=OTC-RULE-001 미발동",,,,,
SAFE-OTC-10-NB-P3-B6-maximum_duration,OTC-V51-EU-ba453755b63ff0f5,OTC-RULE-015,maximum_duration,draft,inactive_candidate,1,recommended_primary,판콜에이내복액,196800036,ING-acetaminophen;ING-chlorpheniramine_maleate;ING-mf-src-41c782105274;ING-mf-src-4b985f9d3bdb;ING-mf-src-cd3363b1ac1f;ING-mf-src-dc293e7de142,아세트아미노펜;클로르페니라민말레산염;펜톡시베린시트르산염;페닐레프린염산염;구아이페네신;카페인무수물,product_authorized_ingredient_set_not_excerpt_attribution,pancol_a_continuous_use,scope_only_no_structured_binding,허가된 연속 복용 기간을 넘었을 수 있습니다.,증상이 지속되면 추가 복용 대신 약사 또는 의사와 상담하세요.,NB,MFDS-NEDRUG-DETAIL,https://nedrug.mfds.go.kr/dsie/pdf/drb/196800036/NB,sha256:4dc2cc19d6409256b5607f139786118d25b38869a1c47ee0150664b7ea18720d,2025-11-10,reported_in_archived_mfds_change_history,baseline_git_blob:research_v3/otc/raw/nedrug/196800036/detail.html#tblChf; change_item=사용상주의사항변경(부작용포함),,2026-07-14,2026-07-14T02:10:14.255342+00:00,"사용상의주의사항 PDF p.3, 문단 6",2) 장기간 계속 복용하지 말 것.,"사용상의주의사항 PDF p.3, 문단 6",2) 장기간 계속 복용하지 말 것.,"사용상의주의사항 PDF p.3, 문단 6",2) 장기간 계속 복용하지 말 것.,,,,,false,,src/lib/otc/engine.ts:991,true,text:OTC-V51-TEXT-35426ad1efada9d0,needs_expert_review,pharmacist_requested_revision,이 원문이 제안한 제품·성분·조건과 사용자 문구를 직접 지지하는지 확인하세요. 참조 규칙 실행 조건이 허가 범위를 넘지 않는지도 확인하세요. 이 후보는 전문가 승인 전까지 운영에 사용하지 않습니다.,adopt|revise|reject,"normal=제품=판콜에이내복액; 품목기준코드=196800036; 규칙=OTC-RULE-015/maximum_duration; 적용조건=scope_only_no_structured_binding; 예상문구=허가된 연속 복용 기간을 넘었을 수 있습니다.|boundary=제품=판콜에이내복액; 품목기준코드=196800036; 규칙=OTC-RULE-015/maximum_duration; 적용조건=scope_only_no_structured_binding; 숫자 조건은 포함 경계값과 바로 밖 값을, 문자 조건은 정확히 일치하는 값과 불일치하는 값을 검사; 포함·일치 값의 예상문구=허가된 연속 복용 기간을 넘었을 수 있습니다.; 제외·불일치 값에서는 OTC-RULE-015 미발동|non_target=품목기준코드!=196800036; 동일 조건 입력; 예상=OTC-RULE-015 미발동|false_positive=제품=판콜에이내복액; 품목기준코드=196800036; 규칙=OTC-RULE-015/maximum_duration; 적용조건 불충족; 예상=OTC-RULE-015 미발동",,,,,
